Nome_Maschi,QI_Maschi,Eta_Maschi,Nome_Femmine,QI_Femmine,Eta_Femmine
Maschio_1,92.62423863833129,74,Femmina_1,70.67781080715378,44
Maschio_2,95.79507418229133,75,Femmina_2,111.99221714675916,87
Maschio_3,108.99280244571608,66,Femmina_3,114.53523312115915,55
Maschio_4,104.98726354045309,47,Femmina_4,111.33153561902252,29
Maschio_5,95.74975807806854,42,Femmina_5,120.11068899579325,13
Maschio_6,119.2467530237945,39,Femmina_6,93.95480682361091,49
Maschio_7,94.06059358530294,72,Femmina_7,90.57646016074564,10
Maschio_8,91.81898688959778,68,Femmina_8,83.9561752538708,63
Maschio_9,98.44151014991417,25,Femmina_9,100.97945050012306,71
Maschio_10,100.148374965154,44,Femmina_10,119.84651649464223,47
Maschio_11,102.9274190180039,65,Femmina_11,102.7964934516391,83
Maschio_12,86.78836020956157,67,Femmina_12,96.01721538701439,12
Maschio_13,73.51059189265888,45,Femmina_13,98.21927474228563,55
Maschio_14,114.24722987950017,56,Femmina_14,100.56300289671793,28
Maschio_15,89.61504820692087,34,Femmina_15,82.04933991253542,41
Maschio_16,89.16598236147736,60,Femmina_16,94.58634644302215,77
Maschio_17,91.75697229287236,43,Femmina_17,100.02920478871114,55
Maschio_18,105.49047810280358,72,Femmina_18,105.87293950998784,26
Maschio_19,109.89626271614121,71,Femmina_19,80.37346844262198,63
Maschio_20,98.89681694992721,41,Femmina_20,113.0818598622413,65
Maschio_21,69.66833040583226,73,Femmina_21,100.44167330148733,46
Maschio_22,108.13165628454246,70,Femmina_22,104.28530339426226,77
Maschio_23,104.62500090819502,58,Femmina_23,120.0198810466209,15
Maschio_24,104.06937602354073,36,Femmina_24,96.67635723733646,84
Maschio_25,82.2138985844084,46,Femmina_25,91.1248875580222,45
Maschio_26,115.27401942283528,21,Femmina_26,89.73305925125833,76
Maschio_27,105.49883274717752,53,Femmina_27,99.23291362754769,63
Maschio_28,101.23280704103054,42,Femmina_28,97.96864086657843,27
Maschio_29,108.42326764475256,10,Femmina_29,79.69814635583265,31
Maschio_30,120.93128816651165,11,Femmina_30,60.308476439782034,50
Maschio_31,102.7645796175675,15,Femmina_31,103.49953667508744,37
Maschio_32,113.96654431287149,36,Femmina_32,99.10232370665692,78
Maschio_33,96.4139790796177,28,Femmina_33,107.475557163745,78
Maschio_34,93.9471523834333,47,Femmina_34,100.55156413021248,47
Maschio_35,98.04773282831638,24,Femmina_35,85.44657800656675,16
Maschio_36,93.82810296362719,45,Femmina_36,104.30613128697406,83
Maschio_37,125.22484811681753,51,Femmina_37,101.52078647280395,58
Maschio_38,96.5702216878924,77,Femmina_38,98.1099542176368,86
Maschio_39,100.33767217192137,32,Femmina_39,120.97775227746556,23
Maschio_40,89.20981807643017,17,Femmina_40,94.52207861465261,70
Maschio_41,82.12996608937817,66,Femmina_41,89.31298221591379,47
Maschio_42,104.06892378000067,38,Femmina_42,72.65237030027711,61
Maschio_43,106.85199812375502,50,Femmina_43,104.0784167308382,33
Maschio_44,100.10185531532167,58,Femmina_44,86.2887533751543,51
Maschio_45,90.83183768549483,43,Femmina_45,91.50811705350597,21
Maschio_46,76.54462713895627,42,Femmina_46,96.61416596487938,84
Maschio_47,87.42333180858752,53,Femmina_47,116.62304497181437,34
Maschio_48,91.43290432757699,31,Femmina_48,108.29137873407448,69
Maschio_49,78.21988200258401,49,Femmina_49,101.905055329102,61
Maschio_50,79.36974478458183,10,Femmina_50,123.53232843949043,84
Maschio_51,93.09016634403902,16,Femmina_51,109.58848891839959,30
Maschio_52,97.60038848895542,65,Femmina_52,91.04370299010141,39
Maschio_53,100.62751954349957,39,Femmina_53,125.7819584350419,79
Maschio_54,115.90725359032312,67,Femmina_54,82.63716082307457,34
Maschio_55,114.68722723243127,16,Femmina_55,101.87806896012225,40
Maschio_56,103.78919034608454,32,Femmina_56,82.04409955435969,43
Maschio_57,119.46785805813983,52,Femmina_57,109.44677711650274,84
Maschio_58,88.77568850823522,50,Femmina_58,113.14888922351807,62
Maschio_59,103.51979795156039,48,Femmina_59,106.73197784958674,11
Maschio_60,108.54178255450941,66,Femmina_60,87.90110164971803,37
Maschio_61,79.89264361807025,26,Femmina_61,106.94385826503994,50
Maschio_62,95.33558318925049,78,Femmina_62,111.30724116364816,19
Maschio_63,129.7957909501305,65,Femmina_63,94.75506933839226,10
Maschio_64,123.18809805761497,15,Femmina_64,107.48167318985999,53
Maschio_65,100.76368493816975,29,Femmina_65,126.07635360818097,83
Maschio_66,90.5347553040236,67,Femmina_66,113.6477668622347,54
Maschio_67,112.78250917453983,21,Femmina_67,108.13456035417512,53
Maschio_68,109.44390411938436,54,Femmina_68,86.25658498555099,68
Maschio_69,70.99210463359698,67,Femmina_69,102.23941357936077,63
Maschio_70,131.5340287489213,51,Femmina_70,95.48670374003183,13
Maschio_71,93.44739360248346,69,Femmina_71,96.8660571214638,11
Maschio_72,87.32265985909602,24,Femmina_72,120.49847431198364,89
Maschio_73,103.70760892066937,25,Femmina_73,88.17152998816431,49
Maschio_74,104.30190025049508,21,Femmina_74,92.66625970903293,69
Maschio_75,89.0701675653195,64,Femmina_75,94.04682546783349,48
Maschio_76,108.5858403342115,75,Femmina_76,99.69122919221272,78
Maschio_77,93.45064092542621,75,Femmina_77,109.14020326859848,84
Maschio_78,97.77434708721555,73,Femmina_78,121.0138245526377,66
Maschio_79,86.59132785974998,72,Femmina_79,114.8789842633554,59
Maschio_80,112.03249566019228,72,Femmina_80,101.9765170164738,13
Maschio_81,101.87424744838108,23,Femmina_81,75.91110846235836,81
Maschio_82,98.07552349817514,73,Femmina_82,102.33391538562572,81
Maschio_83,96.37096298104818,58,Femmina_83,100.1177851675024,60
Maschio_84,84.27257323025596,37,Femmina_84,90.0975744723985,83
Maschio_85,100.64585695522709,66,Femmina_85,100.76592996844784,39
Maschio_86,105.9253486605907,15,Femmina_86,71.61324635525219,26
Maschio_87,100.41238538679336,12,Femmina_87,90.92583434810773,52
Maschio_88,103.60014444581437,16,Femmina_88,94.64779389948053,49
Maschio_89,93.04269537588779,58,Femmina_89,99.36698521002113,74
Maschio_90,73.9079601821697,10,Femmina_90,72.9895968859703,55
Maschio_91,99.54901557337932,71,Femmina_91,87.79735233866641,71
Maschio_92,120.38875460912666,28,Femmina_92,106.4036917625274,14
Maschio_93,99.63955296106793,16,Femmina_93,95.55204150526144,76
Maschio_94,119.29104551693221,12,Femmina_94,94.70270892197222,61
Maschio_95,93.42530877769101,49,Femmina_95,121.55629758783617,66
Maschio_96,107.87466490144914,55,Femmina_96,124.37967257826992,50
Maschio_97,103.10820058453868,33,Femmina_97,97.44399601961517,32
Maschio_98,101.43377979814743,34,Femmina_98,89.28291604613608,36
Maschio_99,122.49270771339243,52,Femmina_99,92.31685885192934,48
Maschio_100,98.34658336344651,32,Femmina_100,83.4687185110072,50
Maschio_101,96.68594023591427,74,Femmina_101,71.05299202862173,40
Maschio_102,88.48879656444808,26,Femmina_102,86.40408432012559,67
Maschio_103,97.22686361787967,27,Femmina_103,100.98031813492175,14
Maschio_104,99.94329957507391,13,Femmina_104,91.65369698155321,62
Maschio_105,85.7046851161258,73,Femmina_105,127.05334363408008,23
Maschio_106,113.9862208708154,78,Femmina_106,92.29453702353828,56
Maschio_107,113.43910662577457,77,Femmina_107,104.89729099668607,46
Maschio_108,101.42053948651672,54,Femmina_108,87.67911378584202,47
Maschio_109,127.68172820566943,58,Femmina_109,134.3904156674161,67
Maschio_110,109.22354614567465,41,Femmina_110,96.62006278190842,77
Maschio_111,105.18170162924292,55,Femmina_111,112.47923979646993,75
Maschio_112,104.51145023217882,63,Femmina_112,74.03528807377513,39
Maschio_113,109.25067699801784,10,Femmina_113,115.86339795400076,24
Maschio_114,107.67573986478507,63,Femmina_114,97.01860503230118,69
Maschio_115,79.98341193897329,73,Femmina_115,95.19843168584742,78
Maschio_116,79.97317984446389,53,Femmina_116,99.93042730115879,46
Maschio_117,99.17361555010741,77,Femmina_117,138.03631844703804,34
Maschio_118,95.44433764280102,15,Femmina_118,95.63946572921705,85
Maschio_119,107.60385801234771,68,Femmina_119,83.48535908016767,18
Maschio_120,117.99793966408168,43,Femmina_120,108.091990849186,87
Maschio_121,107.37709016506963,46,Femmina_121,100.90275886347783,80
Maschio_122,104.4230546193826,53,Femmina_122,117.51410763966814,63
Maschio_123,113.33590906436257,40,Femmina_123,109.29655929463978,83
Maschio_124,104.44407532464687,64,Femmina_124,110.0036561881263,37
Maschio_125,102.95342580710168,57,Femmina_125,95.26677933382813,13
Maschio_126,72.58138772347895,20,Femmina_126,108.17600032484147,82
Maschio_127,91.12651043982487,15,Femmina_127,94.42147090537136,53
Maschio_128,113.46316920068278,73,Femmina_128,84.51013955635175,33
Maschio_129,91.2006060683373,59,Femmina_129,96.42842618030998,89
Maschio_130,115.70127226495444,63,Femmina_130,68.60183215943115,23
Maschio_131,129.412988861041,28,Femmina_131,87.58859721371073,29
Maschio_132,107.74174747160993,21,Femmina_132,105.04058502495471,39
Maschio_133,123.24616719836393,74,Femmina_133,96.61423992793658,38
Maschio_134,103.54296418735092,22,Femmina_134,112.29156978462701,42
Maschio_135,103.3599863318824,17,Femmina_135,130.21721536149312,78
Maschio_136,125.70651870148616,56,Femmina_136,117.41307464437601,85
Maschio_137,120.34322858920486,61,Femmina_137,128.7372675040215,28
Maschio_138,106.7490949472662,49,Femmina_138,126.35495157891714,15
Maschio_139,84.27990985994033,44,Femmina_139,116.0674899472468,27
Maschio_140,111.82904671611512,40,Femmina_140,104.64155947344219,78
Maschio_141,95.808156719136,32,Femmina_141,99.77214823428636,69
Maschio_142,112.12764060311845,63,Femmina_142,79.88945981582563,17
Maschio_143,82.77349152699735,55,Femmina_143,97.9966315711696,16
Maschio_144,91.10917525215261,46,Femmina_144,74.87684379953265,25
Maschio_145,84.98978519773596,71,Femmina_145,96.92886633899776,30
Maschio_146,121.81490373661207,25,Femmina_146,105.57000612905256,39
Maschio_147,113.77375103839462,60,Femmina_147,107.22813406895459,22
Maschio_148,91.09357613488754,60,Femmina_148,125.57740102155037,64
Maschio_149,90.84882094326096,15,Femmina_149,90.84730635566754,42
Maschio_150,112.33694266763717,44,Femmina_150,111.0999561093639,76
Maschio_151,88.5268775563282,17,Femmina_151,92.55945114426693,89
Maschio_152,79.31409689593981,37,Femmina_152,52.822027430153256,35
Maschio_153,111.98812320107996,30,Femmina_153,107.59399756156857,69
Maschio_154,94.3919949058929,69,Femmina_154,88.09514949376474,20
Maschio_155,123.81937832100252,19,Femmina_155,97.44196656559413,78
Maschio_156,125.99283759611556,32,Femmina_156,116.2002482950038,63
Maschio_157,87.66698727570682,15,Femmina_157,80.70197147580406,63
Maschio_158,107.55884530014546,58,Femmina_158,93.95821674859496,21
Maschio_159,107.96369387764537,61,Femmina_159,99.58339859411934,35
Maschio_160,101.77162330930862,15,Femmina_160,97.49179732059521,64
Maschio_161,93.49251812102624,18,Femmina_161,94.36111863605718,11
Maschio_162,105.08227032312125,10,Femmina_162,96.47085143093719,18
Maschio_163,96.86620133931544,25,Femmina_163,99.78181592085348,19
Maschio_164,124.89339048707116,47,Femmina_164,88.14481318253561,27
Maschio_165,78.04877677164876,33,Femmina_165,87.02779647155911,84
Maschio_166,89.54549405623332,38,Femmina_166,76.60866415672695,78
Maschio_167,122.74428882586396,32,Femmina_167,96.14383069455505,17
Maschio_168,111.73149116841417,13,Femmina_168,56.011137806600175,50
Maschio_169,84.88437060994525,51,Femmina_169,112.36530453883802,83
Maschio_170,98.08608727664254,20,Femmina_170,132.96983431256535,33
Maschio_171,102.40564328933853,69,Femmina_171,110.19163337165685,41
Maschio_172,82.93098681522665,33,Femmina_172,96.64410694209141,89
Maschio_173,123.20901279380323,19,Femmina_173,106.24969131524666,10
Maschio_174,100.1399583444071,59,Femmina_174,104.03285782238295,12
Maschio_175,107.44066624826279,18,Femmina_175,100.8235564235735,87
Maschio_176,111.98703345158086,35,Femmina_176,106.2870295733193,45
Maschio_177,81.8771854972542,50,Femmina_177,88.29074548496109,57
Maschio_178,91.37695156492765,70,Femmina_178,114.69518882696374,86
Maschio_179,72.21921746170537,63,Femmina_179,117.69073933077195,28
Maschio_180,101.15168156037203,73,Femmina_180,86.73890390146674,39
Maschio_181,101.95132652249333,69,Femmina_181,94.08886721629717,32
Maschio_182,104.57679336730128,11,Femmina_182,109.90534885142017,42
Maschio_183,131.94433055180076,29,Femmina_183,99.31845689194398,38
Maschio_184,92.81754222212133,27,Femmina_184,113.50843780959664,68
Maschio_185,98.08168673335265,43,Femmina_185,118.43734720638388,14
Maschio_186,95.68396492934684,76,Femmina_186,105.4350972027619,53
Maschio_187,86.27372730912018,72,Femmina_187,85.2915657426579,48
Maschio_188,93.48224705843064,27,Femmina_188,111.72257205758598,21
Maschio_189,119.3907716374789,16,Femmina_189,87.01674698644172,37
Maschio_190,87.13256331243628,12,Femmina_190,115.08525083359596,53
Maschio_191,93.39627310750342,12,Femmina_191,99.51285285744123,31
Maschio_192,119.77159102753382,71,Femmina_192,103.31529964318018,16
Maschio_193,70.27959199382553,23,Femmina_193,84.95482174406325,67
Maschio_194,86.66906365386127,31,Femmina_194,85.81633203000759,43
Maschio_195,120.90437548679523,24,Femmina_195,94.36972371482827,35
Maschio_196,125.52281563241411,62,Femmina_196,111.29142610837357,32
Maschio_197,116.97147212990585,57,Femmina_197,111.56608089425974,50
Maschio_198,100.85665453326172,20,Femmina_198,91.37445030032029,13
Maschio_199,113.28531275418182,46,Femmina_199,77.28207595086202,49
Maschio_200,93.4127032211315,16,Femmina_200,96.27166075114175,15
Maschio_201,110.41812702491588,18,Femmina_201,104.13074587493938,84
Maschio_202,101.32246368438679,60,Femmina_202,89.06033562774506,41
Maschio_203,102.90946596138187,41,Femmina_203,85.79442501031683,56
Maschio_204,99.3215958738918,27,Femmina_204,111.4200265269298,65
Maschio_205,128.64124259795167,36,Femmina_205,110.20431929807825,43
Maschio_206,101.73900364748226,67,Femmina_206,110.48665202493515,46
Maschio_207,115.77251931715747,55,Femmina_207,121.054547711876,21
Maschio_208,118.35742844177506,23,Femmina_208,108.96198826906256,58
Maschio_209,117.95141292784231,24,Femmina_209,76.41522981804866,87
Maschio_210,94.40696558005665,22,Femmina_210,112.57181769474381,47
Maschio_211,120.26644593041617,42,Femmina_211,102.69377285039681,37
Maschio_212,121.11684998785096,29,Femmina_212,100.09759617216075,69
Maschio_213,90.2069492118948,54,Femmina_213,124.90732759908796,55
Maschio_214,102.4143965031057,16,Femmina_214,84.53250039728027,69
Maschio_215,81.0539405248164,19,Femmina_215,108.8934830907873,88
Maschio_216,89.40458622121582,27,Femmina_216,103.79683620339412,17
Maschio_217,117.25428698047125,76,Femmina_217,95.41555519759102,47
Maschio_218,124.6244261945713,58,Femmina_218,78.22526831490633,58
Maschio_219,87.03753609535958,24,Femmina_219,77.12673276881482,52
Maschio_220,123.84049352847806,18,Femmina_220,117.07153965291258,76
Maschio_221,109.7262820103409,25,Femmina_221,79.57564399682582,69
Maschio_222,80.16476960663655,60,Femmina_222,97.3541854752148,80
Maschio_223,95.09648770248158,52,Femmina_223,96.14291668925969,50
Maschio_224,103.38365871970464,39,Femmina_224,81.72567847482767,84
Maschio_225,97.97993204545917,59,Femmina_225,106.74956015260486,15
Maschio_226,116.22322879726887,59,Femmina_226,94.54728708181058,71
Maschio_227,109.13353040998918,12,Femmina_227,126.97626708091462,29
Maschio_228,113.26923280452965,40,Femmina_228,121.16003118061587,34
Maschio_229,94.68616422771736,26,Femmina_229,102.66169150690858,41
Maschio_230,111.83926234769336,66,Femmina_230,104.16933731194482,52
Maschio_231,70.59699948950242,65,Femmina_231,94.33134577669043,67
Maschio_232,74.24971065607949,73,Femmina_232,100.20929343812321,28
Maschio_233,118.94787731851434,19,Femmina_233,93.89168841533619,43
Maschio_234,102.54585211522473,68,Femmina_234,96.98670152821619,77
Maschio_235,94.65305354055258,66,Femmina_235,88.06694069916234,66
Maschio_236,98.63217235621907,10,Femmina_236,95.47967768747088,51
Maschio_237,94.2344199915571,27,Femmina_237,100.03854620849225,55
Maschio_238,105.1626004436229,63,Femmina_238,71.66702110447166,60
Maschio_239,82.39264047005861,20,Femmina_239,108.65544158093026,19
Maschio_240,100.79557703624096,60,Femmina_240,101.01789149021259,20
Maschio_241,110.20459201800853,10,Femmina_241,102.60297834889953,85
Maschio_242,108.72981662810744,38,Femmina_242,108.12867802582291,69
Maschio_243,130.80528333968564,70,Femmina_243,119.0191894304846,78
Maschio_244,101.7329415285763,12,Femmina_244,84.88499148274161,10
Maschio_245,105.36460194600723,69,Femmina_245,88.46450978687923,36
Maschio_246,92.715262336483,17,Femmina_246,91.87298139637876,74
Maschio_247,100.19404208820367,45,Femmina_247,92.45880338342948,62
Maschio_248,75.69455965155382,47,Femmina_248,96.87937250787914,65
Maschio_249,108.96277581751727,65,Femmina_249,110.88486807620818,10
Maschio_250,93.34206138176052,78,Femmina_250,108.9348149617987,29
Maschio_251,99.65059391125186,19,Femmina_251,107.81461690904383,15
Maschio_252,107.20746672374291,72,Femmina_252,109.74877471659292,83
Maschio_253,104.05315110269146,46,Femmina_253,108.47957673392119,17
Maschio_254,95.89227196016161,21,Femmina_254,119.83172043671993,11
Maschio_255,91.99674983501093,23,Femmina_255,88.97393966411158,59
Maschio_256,117.7366903936714,18,Femmina_256,94.56904218411108,87
Maschio_257,106.09428357823255,12,Femmina_257,76.40261130103504,30
Maschio_258,99.03872562433878,26,Femmina_258,111.06914624041185,19
Maschio_259,112.8424144628036,28,Femmina_259,109.22537782266032,43
Maschio_260,97.63475845226199,62,Femmina_260,115.52563928529094,83
Maschio_261,92.49437787110125,52,Femmina_261,88.59903367003702,44
Maschio_262,97.21394128502979,13,Femmina_262,108.27383086908912,75
Maschio_263,89.12044066322788,45,Femmina_263,102.76145840715225,69
Maschio_264,106.47407030886282,30,Femmina_264,83.06584769111099,75
Maschio_265,98.06527334968435,61,Femmina_265,98.64324664249001,30
Maschio_266,106.97231577494941,21,Femmina_266,88.2100717696872,52
Maschio_267,85.05702149499353,16,Femmina_267,112.30704559585685,68
Maschio_268,87.5944530126191,41,Femmina_268,87.93404333701581,58
Maschio_269,111.60255601069566,52,Femmina_269,120.90175234006308,11
Maschio_270,92.23911934064256,53,Femmina_270,81.26963893783261,89
Maschio_271,92.39454792642474,59,Femmina_271,82.69861100445735,66
Maschio_272,85.12431344539847,43,Femmina_272,82.45986252240051,77
Maschio_273,77.4157270130047,18,Femmina_273,111.52224109004433,65
Maschio_274,102.01927269583058,32,Femmina_274,94.5366466853681,31
Maschio_275,112.97705750760464,57,Femmina_275,80.99726088901541,33
Maschio_276,110.28998729762134,47,Femmina_276,111.46821621651402,28
Maschio_277,106.80120094935579,43,Femmina_277,114.59327898285706,40
Maschio_278,93.21576935260919,33,Femmina_278,85.2533256708211,61
Maschio_279,109.00332574045878,57,Femmina_279,126.16541797286862,31
Maschio_280,89.41626331802881,19,Femmina_280,95.92088641414266,60
Maschio_281,108.61684323789902,54,Femmina_281,96.39561213801402,36
Maschio_282,130.3861748819841,33,Femmina_282,97.4887759282052,77
Maschio_283,112.75797420398186,79,Femmina_283,113.90761536862678,14
Maschio_284,120.03861043885013,25,Femmina_284,64.69405261998892,42
Maschio_285,95.0171810805092,51,Femmina_285,132.5349639592694,24
Maschio_286,106.61115000561182,50,Femmina_286,100.54124455918031,33
Maschio_287,116.03219508257925,73,Femmina_287,111.4538891770572,72
Maschio_288,109.20288586240692,43,Femmina_288,87.73403565130795,19
Maschio_289,111.30185306926963,38,Femmina_289,110.29043946923933,33
Maschio_290,92.87875928073717,55,Femmina_290,92.23927978126777,50
Maschio_291,129.44983714426115,45,Femmina_291,102.35380527733808,74
Maschio_292,118.03115944125057,77,Femmina_292,120.26080194058318,43
Maschio_293,106.65203654989926,37,Femmina_293,89.73990442963184,86
Maschio_294,103.39264771512197,52,Femmina_294,84.14365823946282,25
Maschio_295,75.39292254889034,39,Femmina_295,75.05198844552147,54
Maschio_296,83.1694950466206,40,Femmina_296,94.02403513270612,27
Maschio_297,130.0229458809903,39,Femmina_297,96.66306786471873,47
Maschio_298,89.07954823249364,33,Femmina_298,135.04024023443614,30
Maschio_299,113.36252523237441,42,Femmina_299,116.83987920538291,28
Maschio_300,126.98157078105268,33,Femmina_300,72.09944692987486,30
Maschio_301,93.4238271171881,59,Femmina_301,108.55241433362684,36
Maschio_302,109.61504127816612,35,Femmina_302,82.06282708191155,19
Maschio_303,112.36827947780172,70,Femmina_303,55.44894990638497,33
Maschio_304,80.62810765243559,77,Femmina_304,117.97336312177285,77
Maschio_305,81.68016919954584,10,Femmina_305,85.42404237941219,19
Maschio_306,75.33483060612946,72,Femmina_306,102.85157132498055,62
Maschio_307,90.83828722956609,42,Femmina_307,64.68235789441863,15
Maschio_308,95.70907881536769,12,Femmina_308,72.34830919488228,41
Maschio_309,85.55417953771808,33,Femmina_309,103.72068592226755,15
Maschio_310,99.44604054224607,39,Femmina_310,80.85311419777736,53
Maschio_311,113.92405096469335,57,Femmina_311,99.70230722326677,39
Maschio_312,83.44552509217462,10,Femmina_312,92.43815789385457,38
Maschio_313,113.19293996003736,35,Femmina_313,94.09348185008854,64
Maschio_314,111.43738567929411,11,Femmina_314,109.8344815494331,17
Maschio_315,107.06590912064269,35,Femmina_315,88.79653655445188,52
Maschio_316,111.94111409819779,16,Femmina_316,121.4340751061319,36
Maschio_317,84.75276066541694,66,Femmina_317,119.62999214793221,45
Maschio_318,99.58833803513892,62,Femmina_318,86.719248134,68
Maschio_319,77.97344944695654,39,Femmina_319,102.70435832787116,59
Maschio_320,102.88658866278303,43,Femmina_320,109.1478117809846,38
Maschio_321,89.88677588467202,46,Femmina_321,103.05646325461925,87
Maschio_322,121.21825880019453,45,Femmina_322,106.35750863873216,51
Maschio_323,73.45608544487425,72,Femmina_323,83.30369721587229,45
Maschio_324,100.86155065454216,76,Femmina_324,100.05929244978606,63
Maschio_325,97.64298250147434,44,Femmina_325,95.94738432783709,21
Maschio_326,116.60981988742076,55,Femmina_326,83.61951815283985,81
Maschio_327,108.69817102398301,36,Femmina_327,88.83455530197182,55
Maschio_328,85.87988335361794,47,Femmina_328,118.13895766712253,76
Maschio_329,92.06042645408758,46,Femmina_329,103.03421545424969,36
Maschio_330,98.94477016553854,67,Femmina_330,138.4872951412882,39
Maschio_331,123.35165537911156,11,Femmina_331,118.98108008101458,26
Maschio_332,100.78139020569004,75,Femmina_332,112.91177974968122,79
Maschio_333,65.1820813661273,65,Femmina_333,112.9044722576763,75
Maschio_334,107.10900553782919,21,Femmina_334,89.9887460577494,32
Maschio_335,101.82068059668195,40,Femmina_335,85.02577213040553,73
Maschio_336,105.22197181048885,48,Femmina_336,93.19999380092734,19
Maschio_337,107.96296771861161,62,Femmina_337,89.08073202482211,75
Maschio_338,89.82680001443067,23,Femmina_338,97.67128294649916,17
Maschio_339,117.59768790459,15,Femmina_339,107.1634088733701,75
Maschio_340,97.55809071363788,79,Femmina_340,117.60886791291595,57
Maschio_341,94.3485684897789,19,Femmina_341,95.22549724056054,66
Maschio_342,106.28358864140775,43,Femmina_342,86.75439380577306,25
Maschio_343,106.79918805620552,62,Femmina_343,82.27056091464385,88
Maschio_344,110.4777737304466,46,Femmina_344,97.56993605533235,27
Maschio_345,107.31481832010066,73,Femmina_345,93.21234683770246,76
Maschio_346,92.71269024308992,64,Femmina_346,92.87795664909989,17
Maschio_347,74.61532809746087,16,Femmina_347,104.32890427921932,28
Maschio_348,100.71164771853097,23,Femmina_348,90.91528351139611,76
Maschio_349,118.25146019320718,55,Femmina_349,99.87039122570994,85
Maschio_350,105.56873521744204,73,Femmina_350,114.3368400612345,36
Maschio_351,114.64439364754513,70,Femmina_351,106.863728534431,28
Maschio_352,129.3559119714319,25,Femmina_352,128.44681452528124,82
Maschio_353,131.82113903374656,47,Femmina_353,98.98466173308582,65
Maschio_354,105.9441652800364,45,Femmina_354,93.85194683650751,47
Maschio_355,95.96566290034987,23,Femmina_355,105.33374623774606,83
Maschio_356,106.49946248601451,71,Femmina_356,82.03874055530184,44
Maschio_357,100.3772893098967,39,Femmina_357,99.63301042588303,11
Maschio_358,96.74504997849714,71,Femmina_358,99.65970892439557,62
Maschio_359,89.3166782556938,60,Femmina_359,98.28649779355393,34
Maschio_360,116.27485678177788,57,Femmina_360,101.86882672683566,81
Maschio_361,106.28187069637872,41,Femmina_361,110.14219676894757,14
Maschio_362,95.33483796386054,15,Femmina_362,123.68249815404647,37
Maschio_363,102.54661569165926,66,Femmina_363,100.62152161127814,24
Maschio_364,95.22182803536893,34,Femmina_364,68.16242712884761,42
Maschio_365,111.28414388077533,52,Femmina_365,103.41635817378295,61
Maschio_366,105.13583215008472,37,Femmina_366,115.56923474649837,20
Maschio_367,94.28562733196796,27,Femmina_367,100.25737512441587,56
Maschio_368,117.03922191056348,33,Femmina_368,106.99690527203427,70
Maschio_369,96.49010383997991,12,Femmina_369,100.85445853535673,88
Maschio_370,114.23454500056047,65,Femmina_370,104.8036878705856,66
Maschio_371,81.20682606256055,14,Femmina_371,87.89045341380256,21
Maschio_372,112.48716420718651,58,Femmina_372,96.93955944801885,79
Maschio_373,126.42370640644862,61,Femmina_373,113.56716442334313,76
Maschio_374,107.00150084763699,66,Femmina_374,97.3144152092196,63
Maschio_375,103.72516842349735,70,Femmina_375,110.8665832090656,11
Maschio_376,84.41507068731546,56,Femmina_376,94.44218766711751,68
Maschio_377,101.64356745470636,73,Femmina_377,102.46110806956864,44
Maschio_378,92.34810929890452,79,Femmina_378,114.40663891331853,79
Maschio_379,109.58059585118971,30,Femmina_379,108.81162493707501,22
Maschio_380,100.69541869996782,69,Femmina_380,70.1869069994073,62
Maschio_381,128.42304107127492,51,Femmina_381,104.51306305071095,62
Maschio_382,66.37245640943263,39,Femmina_382,107.63053313315876,23
Maschio_383,101.81975186193529,73,Femmina_383,107.28912765531376,31
Maschio_384,94.3661199199798,59,Femmina_384,115.70947445467344,11
Maschio_385,109.02187298916388,22,Femmina_385,116.07307207797385,83
Maschio_386,96.22095196335984,10,Femmina_386,70.73318303254646,24
Maschio_387,112.2949159332725,47,Femmina_387,82.70387000675592,32
Maschio_388,91.62239080990184,15,Femmina_388,115.20245194592493,14
Maschio_389,77.36468298007327,28,Femmina_389,103.06573473804107,32
Maschio_390,102.36871030631933,43,Femmina_390,126.08880767603043,20
Maschio_391,101.5900959240179,57,Femmina_391,124.99779161256527,65
Maschio_392,91.05750853844049,65,Femmina_392,113.49956890211479,54
Maschio_393,102.51182005895214,77,Femmina_393,94.69238142718123,19
Maschio_394,86.78199866023066,24,Femmina_394,105.5624238193685,31
Maschio_395,133.92561104884098,14,Femmina_395,99.80695109191925,24
Maschio_396,102.59351185695247,57,Femmina_396,101.74770311506224,82
Maschio_397,117.15526251254842,61,Femmina_397,99.81392272455702,61
Maschio_398,91.43767078884488,59,Femmina_398,114.25185666951297,17
Maschio_399,102.94600856728132,71,Femmina_399,95.67929449918228,80
Maschio_400,94.33317191528536,28,Femmina_400,122.22028614269013,59
Maschio_401,90.37816595327212,74,Femmina_401,129.7547239569345,68
Maschio_402,71.53592297904802,20,Femmina_402,123.74617587689815,33
Maschio_403,116.74215202566148,71,Femmina_403,119.81176801588938,15
Maschio_404,108.63642307184433,42,Femmina_404,125.77381255661109,16
Maschio_405,111.96817756983346,54,Femmina_405,90.69757085028579,23
Maschio_406,73.27822570253521,61,Femmina_406,91.04345888010778,34
Maschio_407,101.96678049744595,62,Femmina_407,87.65623095080164,37
Maschio_408,102.51160271477139,41,Femmina_408,110.27471116087983,80
Maschio_409,113.70462721854312,13,Femmina_409,77.779147463042,25
Maschio_410,126.46552344079426,50,Femmina_410,91.42121166392722,22
Maschio_411,101.47561993221396,26,Femmina_411,110.96434925581025,52
Maschio_412,125.53679256206787,32,Femmina_412,109.69285477141271,45
Maschio_413,100.5809750937705,43,Femmina_413,90.78948566370025,84
Maschio_414,85.77645112004701,57,Femmina_414,110.01612392630012,28
Maschio_415,95.77350226297199,59,Femmina_415,95.33030152432276,81
Maschio_416,89.98220964852958,11,Femmina_416,104.58724332748312,33
Maschio_417,99.20297682091842,28,Femmina_417,97.0984485825269,30
Maschio_418,109.47298618981851,79,Femmina_418,91.63977339645749,43
Maschio_419,82.41882729796191,46,Femmina_419,120.7117601269353,19
Maschio_420,78.2560680989765,36,Femmina_420,114.4293999885708,31
Maschio_421,64.09549180867342,15,Femmina_421,103.6510447355348,29
Maschio_422,117.86378144807412,24,Femmina_422,99.41791667672489,18
Maschio_423,101.52337622543754,11,Femmina_423,113.85727712208897,28
Maschio_424,103.45235415125816,22,Femmina_424,93.70275460702891,73
Maschio_425,83.54526659034227,34,Femmina_425,108.78252033243969,49
Maschio_426,98.7537649358241,75,Femmina_426,113.62294498633796,33
Maschio_427,101.37270009010105,53,Femmina_427,109.40770336326062,77
Maschio_428,135.46228713624907,20,Femmina_428,90.35360272282047,33
Maschio_429,113.52150405857267,34,Femmina_429,84.31723004898376,39
Maschio_430,93.30880819984633,55,Femmina_430,115.5149916442193,21
Maschio_431,134.99507431179532,37,Femmina_431,104.63939983329442,74
Maschio_432,113.76402678985131,75,Femmina_432,78.56155070200674,82
Maschio_433,100.96387209542516,76,Femmina_433,96.76396047678922,58
Maschio_434,96.09548715538637,32,Femmina_434,113.9136535222604,63
Maschio_435,102.51678271395637,55,Femmina_435,100.11195812911961,42
Maschio_436,109.87134949258389,75,Femmina_436,112.98328708522466,28
Maschio_437,119.55330633164348,60,Femmina_437,104.12719568478929,30
Maschio_438,107.78854266714389,25,Femmina_438,98.36740510493105,73
Maschio_439,110.58136612657344,11,Femmina_439,105.92343710270785,56
Maschio_440,109.57155061538991,61,Femmina_440,95.72150899835162,27
Maschio_441,118.1999197146459,21,Femmina_441,77.24577607816184,70
Maschio_442,102.84713698292758,10,Femmina_442,94.72410495149585,69
Maschio_443,81.8608051165976,47,Femmina_443,101.27080462222692,52
Maschio_444,92.96765261516651,29,Femmina_444,106.06409753527605,73
Maschio_445,104.9966214981842,58,Femmina_445,99.33995456276735,32
Maschio_446,97.36992261947626,36,Femmina_446,97.57652721264307,81
Maschio_447,102.2607352278145,65,Femmina_447,110.37027368168323,63
Maschio_448,107.33428001910812,38,Femmina_448,96.85062988547675,21
Maschio_449,91.72053562965546,32,Femmina_449,71.93321099773812,83
Maschio_450,91.81730435803948,32,Femmina_450,85.74278449561321,80
Maschio_451,106.49801294197749,21,Femmina_451,103.32688849392177,31
Maschio_452,100.83239156120915,68,Femmina_452,118.46513497123055,14
Maschio_453,102.48775043502904,11,Femmina_453,107.52742629895717,40
Maschio_454,106.63705063388663,18,Femmina_454,116.07731358435917,50
Maschio_455,95.88644335323946,72,Femmina_455,103.02517439313021,30
Maschio_456,84.80564739127914,71,Femmina_456,90.79735946002465,75
Maschio_457,102.83121506726066,77,Femmina_457,125.19866582409077,36
Maschio_458,98.70938311152041,27,Femmina_458,76.06734008021607,79
Maschio_459,70.38040876770017,35,Femmina_459,97.9025688889178,30
Maschio_460,104.89682976298675,77,Femmina_460,90.69739568098004,86
Maschio_461,92.35632797415727,63,Femmina_461,101.32062661197311,29
Maschio_462,93.82765169369335,52,Femmina_462,118.08930714669798,67
Maschio_463,106.58429834222906,10,Femmina_463,90.2902306608712,16
Maschio_464,120.93562682943409,58,Femmina_464,118.88786154263626,64
Maschio_465,87.78551689584492,44,Femmina_465,107.36310985680257,55
Maschio_466,117.1711025462723,35,Femmina_466,87.60276153461592,70
Maschio_467,107.80967667373595,24,Femmina_467,97.35608895939457,79
Maschio_468,120.27953291122063,76,Femmina_468,86.38258146434819,65
Maschio_469,99.11265713112769,53,Femmina_469,103.22295111934719,38
Maschio_470,93.63359148337891,26,Femmina_470,123.52581238031694,37
Maschio_471,109.8036723903895,31,Femmina_471,87.71053587823694,79
Maschio_472,109.50150413464456,77,Femmina_472,118.8988780621256,52
Maschio_473,122.89116410364545,18,Femmina_473,94.44610848423149,65
Maschio_474,120.40562471638654,45,Femmina_474,89.52146284045637,61
Maschio_475,109.02588769890478,53,Femmina_475,94.79077821331843,85
Maschio_476,98.50958723874317,76,Femmina_476,84.46543197796015,41
Maschio_477,103.04700493247391,78,Femmina_477,78.41219147587154,33
Maschio_478,91.43443821732794,13,Femmina_478,101.82830707679368,64
Maschio_479,104.77652406577175,44,Femmina_479,119.97554979112836,22
Maschio_480,88.80681867053643,21,Femmina_480,108.54586711132345,23
Maschio_481,91.0715123534315,45,Femmina_481,96.13434504584171,67
Maschio_482,82.75618674375622,44,Femmina_482,112.90675491494645,21
Maschio_483,95.18263075476494,65,Femmina_483,88.63049166650248,12
Maschio_484,110.80735923195911,20,Femmina_484,116.15109661263682,30
Maschio_485,108.94922405205602,13,Femmina_485,113.01965484508406,18
Maschio_486,92.38748771706051,71,Femmina_486,136.46189516420003,58
Maschio_487,102.99357216528533,44,Femmina_487,89.01756916370749,45
Maschio_488,118.80528371202143,27,Femmina_488,104.83511049053193,34
Maschio_489,115.8527223161144,65,Femmina_489,97.80732042032487,63
Maschio_490,90.95391163892955,62,Femmina_490,91.36375972640725,46
Maschio_491,107.79233840081211,45,Femmina_491,99.02258823561627,28
Maschio_492,106.72181871197763,18,Femmina_492,115.43595402202098,32
Maschio_493,121.33649001881992,76,Femmina_493,136.51003467663213,44
Maschio_494,127.24527588121288,46,Femmina_494,131.67874019352283,79
Maschio_495,109.29363989758971,73,Femmina_495,77.02207406134123,12
Maschio_496,95.66617958791988,59,Femmina_496,97.6645610329914,63
Maschio_497,96.64787581918847,68,Femmina_497,76.91909691445576,31
Maschio_498,110.66434382124324,55,Femmina_498,85.63204579768228,76
Maschio_499,97.60978509052477,13,Femmina_499,108.66419884796284,23
Maschio_500,111.21669217264599,67,Femmina_500,114.06537923773851,41
Maschio_501,121.21105512950078,71,Femmina_501,108.25308202219689,66
Maschio_502,91.76199084449554,42,Femmina_502,102.66629376466585,37
Maschio_503,107.30072939068036,12,Femmina_503,118.06052023735398,27
Maschio_504,93.2358174180628,10,Femmina_504,94.29315243846499,27
Maschio_505,112.29328587829185,64,Femmina_505,90.62091456063627,69
Maschio_506,99.59582737314938,51,Femmina_506,91.49229091288137,52
Maschio_507,95.09714951790963,61,Femmina_507,86.69734511712166,63
Maschio_508,97.5627402818393,76,Femmina_508,109.85200127660906,25
Maschio_509,127.80411474250465,76,Femmina_509,80.37002445418753,89
Maschio_510,87.51606005550184,57,Femmina_510,116.17119077070421,24
Maschio_511,113.07093245673714,78,Femmina_511,101.47393442822049,71
Maschio_512,134.49713319331576,76,Femmina_512,92.91643983389275,21
Maschio_513,113.75283030254349,45,Femmina_513,89.11155046424408,54
Maschio_514,105.36055736640034,19,Femmina_514,107.21068790719569,60
Maschio_515,124.50890125100918,76,Femmina_515,108.932416292984,73
Maschio_516,107.14823794124145,42,Femmina_516,99.546113468662,33
Maschio_517,102.45913962935086,67,Femmina_517,99.39736592948341,35
Maschio_518,101.00928499339861,45,Femmina_518,99.09203185818536,46
Maschio_519,113.77427853004414,38,Femmina_519,115.48302080774071,59
Maschio_520,124.19431246494382,37,Femmina_520,94.41571738709291,10
Maschio_521,105.35130250211829,71,Femmina_521,119.96500108386887,46
Maschio_522,98.51548097980083,66,Femmina_522,111.00647505124672,88
Maschio_523,109.25181890122316,50,Femmina_523,113.86939539998372,10
Maschio_524,97.25508287844018,30,Femmina_524,97.48687085051698,68
Maschio_525,118.81985664658691,27,Femmina_525,100.15113582696083,50
Maschio_526,94.7472031273417,45,Femmina_526,96.33137621072974,65
Maschio_527,99.9837989339123,34,Femmina_527,98.41719552031256,61
Maschio_528,91.50681372807705,18,Femmina_528,101.03419251826915,27
Maschio_529,99.95326149476823,16,Femmina_529,96.47607860768105,55
Maschio_530,100.58547935614139,67,Femmina_530,95.17898092478036,65
Maschio_531,85.38876182826996,35,Femmina_531,59.85900021196246,42
Maschio_532,87.5858518757653,51,Femmina_532,95.6097871412304,22
Maschio_533,127.90811306286469,53,Femmina_533,106.96540277858695,58
Maschio_534,97.78308450822742,35,Femmina_534,117.34806214295014,10
Maschio_535,77.19894237736257,55,Femmina_535,99.84709004687858,10
Maschio_536,125.7643713918571,23,Femmina_536,109.00625761144657,84
Maschio_537,99.22320016785284,58,Femmina_537,113.45031121098927,60
Maschio_538,87.32711156446034,69,Femmina_538,111.87056228368219,71
Maschio_539,101.82282769783441,31,Femmina_539,89.91668516641316,53
Maschio_540,81.93200253747612,69,Femmina_540,99.08213981081825,20
Maschio_541,112.62458588355778,59,Femmina_541,121.55276999680812,29
Maschio_542,130.3247267429412,78,Femmina_542,125.66439702346868,35
Maschio_543,106.48441934417436,24,Femmina_543,76.09556002063978,83
Maschio_544,90.72909027298344,44,Femmina_544,89.92669182615371,62
Maschio_545,85.24686703466952,13,Femmina_545,93.60326229151588,42
Maschio_546,109.8207110639748,53,Femmina_546,101.39742103958321,15
Maschio_547,112.9700072349251,14,Femmina_547,125.34333261274713,71
Maschio_548,97.93640048460847,22,Femmina_548,122.28306163863688,35
Maschio_549,99.99885010844062,11,Femmina_549,113.87986200127182,13
Maschio_550,107.40506551306535,70,Femmina_550,104.02218971263399,74
Maschio_551,114.10395714321689,67,Femmina_551,87.15128888736352,29
Maschio_552,100.46880582050015,76,Femmina_552,106.7795541424857,14
Maschio_553,99.6651814648423,27,Femmina_553,83.92139100593118,65
Maschio_554,105.45086639056325,32,Femmina_554,84.29664129962916,33
Maschio_555,106.05060865078934,23,Femmina_555,91.84195388658871,38
Maschio_556,107.27605306770205,37,Femmina_556,92.26466597450138,16
Maschio_557,91.45588434654563,57,Femmina_557,121.96481098500102,73
Maschio_558,114.50505913244709,42,Femmina_558,96.13443852140685,36
Maschio_559,72.18109428086139,68,Femmina_559,106.43193997503481,80
Maschio_560,119.6236280817379,77,Femmina_560,111.10990170210897,45
Maschio_561,113.32804212604955,73,Femmina_561,91.80925975725825,41
Maschio_562,138.17988373826125,15,Femmina_562,114.80497387900718,81
Maschio_563,97.3879412440406,41,Femmina_563,98.5934359294705,21
Maschio_564,109.12726855335717,74,Femmina_564,105.5573071994173,28
Maschio_565,86.31393279246038,66,Femmina_565,102.54321690072209,66
Maschio_566,100.29654403440956,55,Femmina_566,95.52696949056599,12
Maschio_567,99.19661349064995,71,Femmina_567,83.038423975255,65
Maschio_568,91.6352607919678,52,Femmina_568,73.95560038052766,71
Maschio_569,86.95954276360696,55,Femmina_569,97.65933967817821,58
Maschio_570,106.11947945114858,22,Femmina_570,95.75597632237663,47
Maschio_571,106.72647258471574,15,Femmina_571,107.651176874021,61
Maschio_572,135.22497853621144,27,Femmina_572,80.68024952490195,85
Maschio_573,116.74853760506774,43,Femmina_573,114.29174587083159,39
Maschio_574,104.54071639164344,17,Femmina_574,96.7056773509477,57
Maschio_575,105.36792249081736,34,Femmina_575,91.83251168551446,61
Maschio_576,81.08719320838688,46,Femmina_576,116.29280219758878,36
Maschio_577,93.86254809862348,54,Femmina_577,110.34467917157968,63
Maschio_578,109.31917642112501,68,Femmina_578,112.86978565290089,60
Maschio_579,112.9729282782053,10,Femmina_579,100.96715547541746,12
Maschio_580,94.78304059491312,25,Femmina_580,118.74536505452197,79
Maschio_581,102.44515896652214,28,Femmina_581,108.35526035569126,24
Maschio_582,115.60428264439682,48,Femmina_582,108.01597414980695,60
Maschio_583,106.3966994725402,47,Femmina_583,87.49118721652046,72
Maschio_584,99.87092696529915,45,Femmina_584,107.35626861710571,71
Maschio_585,122.68576362716226,13,Femmina_585,84.25319142636874,34
Maschio_586,111.58237255576854,67,Femmina_586,104.83467025466409,34
Maschio_587,79.46914268607209,55,Femmina_587,85.98771525443169,22
Maschio_588,137.5118843216276,25,Femmina_588,107.20546892585978,17
Maschio_589,110.91398266877212,60,Femmina_589,107.09348659084225,49
Maschio_590,93.82280799866349,26,Femmina_590,109.33718160793734,52
Maschio_591,102.34815516783141,22,Femmina_591,94.3505377204005,25
Maschio_592,134.12639233976404,56,Femmina_592,92.98322373910959,54
Maschio_593,116.68254401058022,46,Femmina_593,94.79246312438775,47
Maschio_594,40.88853385905204,78,Femmina_594,111.72822973411603,13
Maschio_595,111.13026402441653,74,Femmina_595,84.16633810171197,63
Maschio_596,113.3379252991249,45,Femmina_596,134.23519535075246,76
Maschio_597,87.51335484538373,51,Femmina_597,100.44767590890781,18
Maschio_598,110.56641592611895,57,Femmina_598,118.52501631648073,35
Maschio_599,108.65884816930534,63,Femmina_599,95.74261709144226,14
Maschio_600,110.92528381301798,54,Femmina_600,65.44530784056116,88
Maschio_601,98.55675657569117,73,Femmina_601,88.25323413409977,15
Maschio_602,92.08764891630027,24,Femmina_602,86.26106782529202,39
Maschio_603,109.75267309977797,68,Femmina_603,125.778368965863,55
Maschio_604,80.3748130993308,32,Femmina_604,83.28428517929629,50
Maschio_605,114.15929315132544,22,Femmina_605,114.93767215747395,21
Maschio_606,93.01377461702157,23,Femmina_606,87.18292726647769,47
Maschio_607,102.09364442299436,69,Femmina_607,108.01546363053782,41
Maschio_608,105.53635375222322,76,Femmina_608,106.72833270013138,54
Maschio_609,87.92437249889392,44,Femmina_609,96.80766463359552,50
Maschio_610,112.45059638516224,55,Femmina_610,103.74679691847882,67
Maschio_611,88.92047680489831,69,Femmina_611,97.50566593247356,75
Maschio_612,89.83550937758974,70,Femmina_612,97.15805469776004,16
Maschio_613,88.32851190192243,49,Femmina_613,86.07309956166084,14
Maschio_614,100.51547708471593,54,Femmina_614,90.42893468682149,54
Maschio_615,95.93071903890741,39,Femmina_615,92.42228721385636,79
Maschio_616,92.12901364509283,61,Femmina_616,111.54884001317566,64
Maschio_617,92.21144960688397,24,Femmina_617,111.75839167501852,85
Maschio_618,82.26944501156794,45,Femmina_618,96.40626797091696,51
Maschio_619,98.06950170630725,38,Femmina_619,106.75383773253868,76
Maschio_620,111.65756462350622,19,Femmina_620,99.21990646956498,49
Maschio_621,77.93421495213639,73,Femmina_621,73.98793918815231,15
Maschio_622,107.25272349193791,16,Femmina_622,86.88371898989917,47
Maschio_623,115.94044944267571,54,Femmina_623,98.46810111943687,22
Maschio_624,75.82775202273383,60,Femmina_624,93.74613402355612,31
Maschio_625,124.3445652900511,59,Femmina_625,118.81311851466492,11
Maschio_626,99.36968021219897,33,Femmina_626,81.46997199896795,12
Maschio_627,90.13602430096255,55,Femmina_627,101.55055318419247,26
Maschio_628,105.10597683729345,67,Femmina_628,112.95508817255516,18
Maschio_629,92.71617064845225,23,Femmina_629,97.5101221859227,77
Maschio_630,100.35460358336546,79,Femmina_630,64.18424897425183,73
Maschio_631,81.56241593055282,69,Femmina_631,100.02074507649269,43
Maschio_632,136.38261789326614,43,Femmina_632,92.05605289936145,47
Maschio_633,128.83447434529202,53,Femmina_633,113.50550735495709,28
Maschio_634,67.60139075616695,78,Femmina_634,83.77880235969832,53
Maschio_635,117.14705216868029,24,Femmina_635,93.38228515932498,54
Maschio_636,104.65303886397356,45,Femmina_636,133.82364906371635,54
Maschio_637,116.47901971346236,77,Femmina_637,95.84372279867686,32
Maschio_638,97.63187063052716,34,Femmina_638,71.45467961095265,20
Maschio_639,97.23090210487918,15,Femmina_639,99.40647361849089,37
Maschio_640,112.95982035430727,72,Femmina_640,107.12895133260207,84
Maschio_641,111.94164833334112,74,Femmina_641,112.41511246355388,71
Maschio_642,103.11433512919037,36,Femmina_642,111.78632427465682,22
Maschio_643,88.43640432710689,66,Femmina_643,96.91524296058617,48
Maschio_644,111.05434297755444,50,Femmina_644,123.43683837766021,69
Maschio_645,125.98800814591698,23,Femmina_645,102.02925999785538,17
Maschio_646,102.58554160288062,39,Femmina_646,102.62910622315795,59
Maschio_647,102.69578242071611,31,Femmina_647,120.77411194157068,78
Maschio_648,72.07651902766682,17,Femmina_648,94.38493549913952,42
Maschio_649,94.72619042815295,49,Femmina_649,114.58753586909673,68
Maschio_650,94.3059927348897,12,Femmina_650,105.7846183286013,88
Maschio_651,105.54938023543326,36,Femmina_651,94.80050028053542,18
Maschio_652,108.73882152381174,74,Femmina_652,117.23021738807333,41
Maschio_653,77.57494435674937,78,Femmina_653,88.28713200689481,34
Maschio_654,100.04032404930349,28,Femmina_654,119.3973134021749,62
Maschio_655,86.21343443955402,27,Femmina_655,95.08057721618582,63
Maschio_656,100.71385761071231,63,Femmina_656,103.8548464122594,81
Maschio_657,101.48909503879145,44,Femmina_657,111.78743382940436,57
Maschio_658,91.8068196561519,70,Femmina_658,102.34689830109231,83
Maschio_659,91.84473003483312,59,Femmina_659,106.5061142701717,33
Maschio_660,104.10888488410471,55,Femmina_660,123.1381270307359,62
Maschio_661,99.07330473606332,38,Femmina_661,87.56315989085002,75
Maschio_662,123.08492344240426,43,Femmina_662,123.94021711680604,39
Maschio_663,94.32849724967602,16,Femmina_663,95.5999512400416,44
Maschio_664,120.47985803557438,41,Femmina_664,91.76410422768504,71
Maschio_665,76.16643378872573,23,Femmina_665,103.4648587825475,50
Maschio_666,85.10566790769748,68,Femmina_666,114.36584180901376,16
Maschio_667,100.90924365955162,42,Femmina_667,122.5762874915326,26
Maschio_668,104.11338471297066,19,Femmina_668,112.72023364641448,28
Maschio_669,129.2814178511265,71,Femmina_669,84.03674081981664,83
Maschio_670,88.08763845844551,23,Femmina_670,90.13980863868461,17
Maschio_671,115.75564984415955,53,Femmina_671,119.14314760004027,76
Maschio_672,114.35527298071963,78,Femmina_672,84.42402539558597,61
Maschio_673,72.66058161665828,56,Femmina_673,92.73438503303146,48
Maschio_674,108.61312803742372,15,Femmina_674,81.59499297293988,10
Maschio_675,109.19217363106613,22,Femmina_675,91.87679374806775,50
Maschio_676,104.80409241583027,51,Femmina_676,103.19213287007508,16
Maschio_677,106.86534782681437,47,Femmina_677,102.50330982770387,73
Maschio_678,116.33145132604045,29,Femmina_678,90.4477695769881,61
Maschio_679,95.99491279287425,53,Femmina_679,95.87002067310965,55
Maschio_680,109.6837299050969,69,Femmina_680,71.80490642081449,84
Maschio_681,115.59320526683705,17,Femmina_681,115.97464824272025,26
Maschio_682,81.03287462751116,25,Femmina_682,86.93717151305948,86
Maschio_683,70.73504335620599,56,Femmina_683,120.81528119114896,88
Maschio_684,88.06617520051935,58,Femmina_684,89.90778191882575,72
Maschio_685,102.7708031312825,28,Femmina_685,97.28627385400684,40
Maschio_686,109.30930176581549,35,Femmina_686,137.43170160571214,39
Maschio_687,85.51613663964821,70,Femmina_687,105.92056021423183,22
Maschio_688,111.9956515880956,40,Femmina_688,96.31943156602695,10
Maschio_689,111.65264926718176,13,Femmina_689,93.25125777269675,79
Maschio_690,91.77024115799512,32,Femmina_690,118.34930636937538,72
Maschio_691,103.28502418392702,46,Femmina_691,79.40149267016744,59
Maschio_692,95.55212356525946,34,Femmina_692,116.22062811169178,26
Maschio_693,122.6976280833983,78,Femmina_693,91.30749389214918,51
Maschio_694,124.30648014252148,29,Femmina_694,105.49884943719978,21
Maschio_695,110.92282510455463,47,Femmina_695,118.64284525583676,18
Maschio_696,94.225256836846,25,Femmina_696,112.29814011370658,35
Maschio_697,126.06143290216907,20,Femmina_697,112.12697233463335,52
Maschio_698,102.62673970138758,66,Femmina_698,101.26256089807671,64
Maschio_699,117.97200029674973,34,Femmina_699,94.23887440205513,27
Maschio_700,108.876510254745,41,Femmina_700,112.17820706229816,69
Maschio_701,120.08129470336534,70,Femmina_701,84.90560293544318,62
Maschio_702,119.64563860915965,71,Femmina_702,84.12494297475195,71
Maschio_703,89.64967763220116,33,Femmina_703,106.9644492194063,59
Maschio_704,121.48209946426465,10,Femmina_704,97.82051297701317,43
Maschio_705,118.51037061747131,68,Femmina_705,94.03591387068214,51
Maschio_706,87.49939246518187,45,Femmina_706,107.97665929979395,20
Maschio_707,96.90773071784734,40,Femmina_707,120.69955554376628,13
Maschio_708,83.4922600871901,51,Femmina_708,97.22751691883921,65
Maschio_709,117.62207079684165,72,Femmina_709,85.54142532907484,52
Maschio_710,108.17664228360681,54,Femmina_710,126.14574799533031,61
Maschio_711,89.32947130771734,12,Femmina_711,107.78251141612319,17
Maschio_712,122.68574964663541,12,Femmina_712,85.20996588181936,26
Maschio_713,104.51659554349999,71,Femmina_713,106.65703988580502,17
Maschio_714,100.1110125391446,43,Femmina_714,87.6808431161121,17
Maschio_715,96.01353955890721,55,Femmina_715,102.92250657248148,38
Maschio_716,89.73647594471713,40,Femmina_716,79.2483202761318,67
Maschio_717,115.68479133517641,77,Femmina_717,111.77543069657092,44
Maschio_718,104.14634823722847,51,Femmina_718,107.97866578427906,45
Maschio_719,101.10170244870945,44,Femmina_719,67.82163758185624,49
Maschio_720,123.86991954203596,44,Femmina_720,107.999554525172,19
Maschio_721,109.20178589847657,57,Femmina_721,93.76739706435053,66
Maschio_722,111.71227487430922,67,Femmina_722,83.07065400353314,59
Maschio_723,111.62110259093598,61,Femmina_723,110.9459122452873,47
Maschio_724,113.2511866130205,18,Femmina_724,115.24725257777543,70
Maschio_725,107.64007244524088,14,Femmina_725,108.72034757653488,11
Maschio_726,94.88613284980886,79,Femmina_726,105.6591128560809,50
Maschio_727,121.24473910440119,61,Femmina_727,90.80270806603963,66
Maschio_728,126.0904127423328,37,Femmina_728,94.68984460590457,18
Maschio_729,133.6972464759476,30,Femmina_729,113.19480332559333,46
Maschio_730,116.51288184242419,23,Femmina_730,88.7640672197054,42
Maschio_731,108.38800927151304,48,Femmina_731,117.1909469300475,32
Maschio_732,95.44059090596214,55,Femmina_732,72.58768979002468,23
Maschio_733,104.13451046320432,54,Femmina_733,95.86649663519728,47
Maschio_734,114.5284334039649,52,Femmina_734,110.5548533761529,42
Maschio_735,126.52829446251073,50,Femmina_735,99.67124193275929,84
Maschio_736,98.46362717712215,75,Femmina_736,80.33791305983752,60
Maschio_737,87.2680359918994,72,Femmina_737,81.77722177350991,26
Maschio_738,104.57016248453907,76,Femmina_738,78.03563557660351,20
Maschio_739,90.24463603361109,66,Femmina_739,105.29479845266594,48
Maschio_740,84.14203855917839,53,Femmina_740,97.70306638323142,51
Maschio_741,110.70229066569154,49,Femmina_741,110.37033571849886,24
Maschio_742,126.32344623588506,73,Femmina_742,111.83949134705978,30
Maschio_743,124.58646800489906,41,Femmina_743,119.03960863391012,37
Maschio_744,105.69279240922219,36,Femmina_744,97.18123134009646,37
Maschio_745,92.60486783503984,44,Femmina_745,92.30676224399282,37
Maschio_746,106.70822131152198,49,Femmina_746,107.77398502815687,77
Maschio_747,109.11076216597691,10,Femmina_747,121.41753559729803,77
Maschio_748,85.05038185993419,67,Femmina_748,95.3725113138597,47
Maschio_749,125.78822828578872,31,Femmina_749,109.17124302736681,89
Maschio_750,85.72851367428825,28,Femmina_750,96.18244748135899,77
Maschio_751,93.51856329396989,60,Femmina_751,89.68590164723244,36
Maschio_752,98.75095123100039,26,Femmina_752,88.21220734539142,38
Maschio_753,106.64845881014709,18,Femmina_753,85.73041694053853,36
Maschio_754,103.69529106391879,24,Femmina_754,85.5765118817849,65
Maschio_755,97.15588917172549,31,Femmina_755,87.95914435406944,62
Maschio_756,124.93672970248609,61,Femmina_756,98.12620875354992,17
Maschio_757,93.47796695969822,74,Femmina_757,93.90801316881506,74
Maschio_758,112.27932999670765,75,Femmina_758,83.09634218374481,26
Maschio_759,115.19648290931677,13,Femmina_759,116.88028755627944,35
Maschio_760,97.70060437222855,34,Femmina_760,86.0203806038191,76
Maschio_761,99.64215577025706,51,Femmina_761,121.36679568418333,58
Maschio_762,115.90130508112922,17,Femmina_762,131.514740125682,26
Maschio_763,111.88453558528407,54,Femmina_763,81.14783954055049,68
Maschio_764,102.71939402275926,28,Femmina_764,107.2196930494081,25
Maschio_765,116.34196640291542,18,Femmina_765,129.3958070247971,51
Maschio_766,118.24864779968966,30,Femmina_766,97.92579444777182,49
Maschio_767,93.57234012296115,27,Femmina_767,100.9727339813497,48
Maschio_768,94.95165441351004,16,Femmina_768,79.05966626091926,66
Maschio_769,90.8959735663697,42,Femmina_769,94.84708756558996,46
Maschio_770,129.74178111509764,42,Femmina_770,104.59849283681649,26
Maschio_771,123.3773303715022,57,Femmina_771,139.1531499060066,64
Maschio_772,122.87450178840433,22,Femmina_772,129.29887690933157,22
Maschio_773,92.10343066950625,13,Femmina_773,112.27258098774736,84
Maschio_774,94.25910481944891,42,Femmina_774,116.95945470910057,52
Maschio_775,112.69851220884948,30,Femmina_775,102.16607074839746,24
Maschio_776,86.2465447365738,17,Femmina_776,106.71175022502601,20
Maschio_777,125.93143879507033,66,Femmina_777,105.48387539105312,33
Maschio_778,94.2786319434922,50,Femmina_778,96.33454430965257,23
Maschio_779,90.02562329432573,39,Femmina_779,88.37046249500632,45
Maschio_780,89.99401340275303,10,Femmina_780,89.21530793923131,14
Maschio_781,99.8747247445334,75,Femmina_781,74.670812947037,38
Maschio_782,82.66707983784897,76,Femmina_782,105.40016755800899,67
Maschio_783,104.8058979087446,58,Femmina_783,121.60707429559677,78
Maschio_784,88.07895935718162,78,Femmina_784,141.36198640284977,33
Maschio_785,103.4108169991034,13,Femmina_785,107.76256551859765,33
Maschio_786,105.6391542581413,27,Femmina_786,117.17526649149694,44
Maschio_787,108.296884608338,47,Femmina_787,97.54051580355271,76
Maschio_788,100.14519873891882,38,Femmina_788,87.699132685055,17
Maschio_789,96.58645015612876,65,Femmina_789,105.20291991270034,25
Maschio_790,97.69487404136915,77,Femmina_790,111.10340035265172,51
Maschio_791,76.34510512862686,59,Femmina_791,103.1261803922506,23
Maschio_792,87.13505646321221,57,Femmina_792,96.25249533931819,82
Maschio_793,118.07602979227684,76,Femmina_793,107.14748357547609,31
Maschio_794,92.93599678231668,26,Femmina_794,88.62511192485992,23
Maschio_795,117.63117563775195,24,Femmina_795,103.29123721180741,53
Maschio_796,112.85476117107801,33,Femmina_796,102.85072164323772,40
Maschio_797,93.1319620979959,29,Femmina_797,116.75584229210796,39
Maschio_798,118.51338331232245,26,Femmina_798,97.4155753178671,55
Maschio_799,99.99408174866069,17,Femmina_799,102.499348424162,78
Maschio_800,85.95011759248749,57,Femmina_800,99.90466106596867,14
Maschio_801,71.78574711693315,71,Femmina_801,120.3001361468899,11
Maschio_802,105.46773037175974,78,Femmina_802,106.9372734713033,75
Maschio_803,110.67633985358913,34,Femmina_803,85.75851926668032,68
Maschio_804,90.44870318482624,44,Femmina_804,110.09331840432716,63
Maschio_805,88.18626963195798,24,Femmina_805,68.3944113527165,79
Maschio_806,100.08418880360868,37,Femmina_806,90.90101812859834,15
Maschio_807,96.82821390360012,74,Femmina_807,94.66329630809486,49
Maschio_808,89.07303830597762,47,Femmina_808,114.05117507009041,28
Maschio_809,138.43206395799882,41,Femmina_809,80.05792715486216,47
Maschio_810,91.88778761415061,74,Femmina_810,98.1443240480325,43
Maschio_811,104.18891268814927,73,Femmina_811,90.1092956208052,70
Maschio_812,113.23963294227899,74,Femmina_812,107.49669234363479,24
Maschio_813,100.51862981821212,18,Femmina_813,110.06677467421748,81
Maschio_814,94.43461038242516,52,Femmina_814,98.34842346991255,69
Maschio_815,105.39207888534948,48,Femmina_815,92.91962031270695,58
Maschio_816,124.98457161469248,39,Femmina_816,88.2913738255842,72
Maschio_817,112.54675871071196,20,Femmina_817,82.9852407868461,74
Maschio_818,103.20864120058887,36,Femmina_818,97.78538962224233,84
Maschio_819,124.77276812964263,35,Femmina_819,99.6816912741149,42
Maschio_820,106.41506970781313,56,Femmina_820,77.10364715320043,62
Maschio_821,107.07820778446802,68,Femmina_821,117.55756547535651,80
Maschio_822,102.09262096670786,47,Femmina_822,91.75849583669584,20
Maschio_823,108.55872103027193,19,Femmina_823,125.00540556106066,13
Maschio_824,88.42825566144437,45,Femmina_824,103.10376003424834,80
Maschio_825,105.72357953755738,73,Femmina_825,107.8218338636309,39
Maschio_826,132.86535126682935,69,Femmina_826,114.37084887800617,51
Maschio_827,108.43211773316538,14,Femmina_827,130.07133229877743,61
Maschio_828,101.42288430157669,58,Femmina_828,102.42402647377621,31
Maschio_829,110.76107249578816,72,Femmina_829,112.2008394239363,34
Maschio_830,93.34843424953156,78,Femmina_830,113.93891477591613,76
Maschio_831,75.74324566071164,55,Femmina_831,117.0090845544192,33
Maschio_832,108.6262818076339,77,Femmina_832,104.01720204007803,39
Maschio_833,125.34788596100057,58,Femmina_833,106.3228698267828,74
Maschio_834,98.48584131879132,62,Femmina_834,108.84718542271177,89
Maschio_835,102.9084735641645,39,Femmina_835,102.50307383315021,30
Maschio_836,102.01634820120097,18,Femmina_836,75.57017182630679,19
Maschio_837,97.28509215025294,46,Femmina_837,105.96130518072513,64
Maschio_838,119.23187412206906,63,Femmina_838,119.57028446024405,89
Maschio_839,104.29312698847102,28,Femmina_839,97.8563881717771,13
Maschio_840,111.18815547350789,44,Femmina_840,80.99017546301629,17
Maschio_841,88.91968097615474,74,Femmina_841,107.88331531121302,38
Maschio_842,121.58543673530541,76,Femmina_842,121.08008296120074,87
Maschio_843,114.24140761848031,23,Femmina_843,86.6101414632892,41
Maschio_844,91.65828244150634,67,Femmina_844,86.80644054650145,34
Maschio_845,111.32697999682306,19,Femmina_845,83.03280776786441,76
Maschio_846,79.06627272840932,14,Femmina_846,80.05298437439018,12
Maschio_847,100.13885210242093,16,Femmina_847,110.08577342580253,52
Maschio_848,86.30162689222732,50,Femmina_848,88.85725368970631,54
Maschio_849,123.47082937795918,58,Femmina_849,138.38706651245195,43
Maschio_850,107.92384171007268,48,Femmina_850,97.0635159622985,50
Maschio_851,118.52540488215996,38,Femmina_851,122.80077674834297,56
Maschio_852,89.86253377212006,26,Femmina_852,109.0686338934738,50
Maschio_853,129.83364914128018,47,Femmina_853,100.46903737508065,29
Maschio_854,109.45564443947293,52,Femmina_854,79.1024946294866,60
Maschio_855,107.91636966928783,44,Femmina_855,130.07467747293552,76
Maschio_856,105.4145820001294,77,Femmina_856,119.12842660004694,89
Maschio_857,116.26103654755914,18,Femmina_857,129.67932354501818,59
Maschio_858,106.72908380563577,21,Femmina_858,75.56582399686397,71
Maschio_859,101.74178623446252,13,Femmina_859,94.84040944089696,71
Maschio_860,85.54905819602197,11,Femmina_860,101.85444193825587,70
Maschio_861,98.81473666492302,18,Femmina_861,106.45642710960311,31
Maschio_862,103.9340415171839,27,Femmina_862,83.02559166291252,73
Maschio_863,91.51486395627143,34,Femmina_863,103.02150011640369,58
Maschio_864,81.06681324918547,39,Femmina_864,123.15865583177967,40
Maschio_865,110.11909327132396,34,Femmina_865,135.72584393690042,26
Maschio_866,98.07032230514227,69,Femmina_866,128.33374643209822,29
Maschio_867,97.02438140484607,73,Femmina_867,108.46454789270837,74
Maschio_868,94.37636027407945,47,Femmina_868,91.72176437436114,72
Maschio_869,87.84296477837282,55,Femmina_869,103.30565586463052,68
Maschio_870,103.66555163032545,24,Femmina_870,79.29439789243513,11
Maschio_871,105.69130340655784,63,Femmina_871,109.83463007223033,10
Maschio_872,118.89347746529032,46,Femmina_872,91.66160307686212,86
Maschio_873,82.2190441134793,59,Femmina_873,99.44455612633442,80
Maschio_874,85.58328686170344,72,Femmina_874,98.50073656821806,35
Maschio_875,117.60543738278102,79,Femmina_875,86.12523631873823,41
Maschio_876,92.59394030147007,30,Femmina_876,100.39688808596233,58
Maschio_877,108.3969184703658,72,Femmina_877,84.20622226418058,14
Maschio_878,90.77631182492104,31,Femmina_878,81.50056302992924,47
Maschio_879,134.38832674050323,25,Femmina_879,113.60106997665922,85
Maschio_880,100.06343365051508,45,Femmina_880,106.6710270195243,33
Maschio_881,89.05486833238302,40,Femmina_881,127.63596521400461,40
Maschio_882,121.96188701318066,30,Femmina_882,95.930914574741,15
Maschio_883,127.33940238145722,54,Femmina_883,102.455970780394,26
Maschio_884,107.51784144517865,60,Femmina_884,129.52922110254096,70
Maschio_885,91.91437278147798,33,Femmina_885,97.50980570231661,25
Maschio_886,83.3867852843525,28,Femmina_886,102.65392012192608,80
Maschio_887,121.81485549249017,45,Femmina_887,96.50663513102633,16
Maschio_888,90.39422439996022,19,Femmina_888,104.66678304296936,68
Maschio_889,101.8970309759859,44,Femmina_889,80.95760962705964,22
Maschio_890,75.98853422978304,54,Femmina_890,113.13509723582172,88
Maschio_891,101.21792849391286,44,Femmina_891,116.6280118640415,80
Maschio_892,77.50279714809761,52,Femmina_892,114.10568007962561,59
Maschio_893,94.54645859051008,19,Femmina_893,131.7713912253767,53
Maschio_894,112.29300358704457,24,Femmina_894,110.26598920201525,36
Maschio_895,103.34762418410693,65,Femmina_895,96.54093066373537,64
Maschio_896,122.30684815980734,64,Femmina_896,81.17144756225125,32
Maschio_897,106.10637424089248,76,Femmina_897,118.842639748832,66
Maschio_898,97.413693171704,13,Femmina_898,84.44187359096729,50
Maschio_899,96.84334820786589,79,Femmina_899,89.24940829035225,77
Maschio_900,108.11164436105231,43,Femmina_900,103.50562163410791,78
Maschio_901,92.46122409397842,36,Femmina_901,100.99366891691209,14
Maschio_902,117.45941332278176,53,Femmina_902,100.24060373173975,77
Maschio_903,94.73546090368717,11,Femmina_903,104.0067800947139,89
Maschio_904,106.3185728056309,18,Femmina_904,97.26876732554388,70
Maschio_905,91.73572832300398,34,Femmina_905,114.88085078491316,59
Maschio_906,127.20090620032258,47,Femmina_906,101.36130967394344,54
Maschio_907,88.09309793739519,44,Femmina_907,75.08192389468729,44
Maschio_908,81.11631569066101,22,Femmina_908,89.80252378304382,40
Maschio_909,98.35459193372641,51,Femmina_909,89.16738237194362,72
Maschio_910,90.16700296235696,75,Femmina_910,109.40094940693051,21
Maschio_911,113.52826201343605,67,Femmina_911,96.08019405301931,45
Maschio_912,86.60624681760622,78,Femmina_912,125.33036940955543,54
Maschio_913,116.66986636011293,62,Femmina_913,86.09807523518454,12
Maschio_914,93.62661023206886,49,Femmina_914,121.09397478496929,77
Maschio_915,90.84168958871294,25,Femmina_915,110.59348921124104,78
Maschio_916,90.19356135384501,30,Femmina_916,123.4902855528132,15
Maschio_917,93.13512593297027,53,Femmina_917,76.05319090234887,38
Maschio_918,92.64232029738363,13,Femmina_918,103.90180577324666,72
Maschio_919,80.66587985530455,20,Femmina_919,100.75597490404188,45
Maschio_920,104.82038445782199,79,Femmina_920,92.31178155642253,61
Maschio_921,99.06706260490392,39,Femmina_921,126.69124496657756,76
Maschio_922,93.06328572432258,68,Femmina_922,94.42209240598581,25
Maschio_923,112.57301225753235,15,Femmina_923,110.23696620410125,77
Maschio_924,101.03462485125041,68,Femmina_924,85.04745847400432,74
Maschio_925,119.3887487642488,41,Femmina_925,88.66270394273323,18
Maschio_926,98.04760817057486,47,Femmina_926,129.0159283530565,20
Maschio_927,112.83857518675975,41,Femmina_927,113.41375311454655,81
Maschio_928,102.59327875324614,20,Femmina_928,102.52294467974464,82
Maschio_929,83.92393468309211,73,Femmina_929,128.6466589967385,23
Maschio_930,113.6867078853929,50,Femmina_930,79.94087565923736,60
Maschio_931,108.72397587193117,75,Femmina_931,104.20768132556017,42
Maschio_932,90.34836323193683,40,Femmina_932,115.63503116016481,13
Maschio_933,104.01953970784177,41,Femmina_933,92.96423665425493,33
Maschio_934,77.86141827317343,36,Femmina_934,104.11936918000538,32
Maschio_935,114.74539345608976,28,Femmina_935,80.22296545333965,48
Maschio_936,117.71841999326642,23,Femmina_936,87.85600902316567,47
Maschio_937,106.68284816809978,23,Femmina_937,114.70364590455745,37
Maschio_938,130.5846188015389,11,Femmina_938,113.84035094186535,56
Maschio_939,86.98482953890277,30,Femmina_939,107.98099995619665,72
Maschio_940,137.22518155865814,54,Femmina_940,108.25302705918897,23
Maschio_941,125.75423285458999,29,Femmina_941,93.10007276113932,48
Maschio_942,108.47001589262622,31,Femmina_942,110.02575058230865,61
Maschio_943,89.20903049031067,61,Femmina_943,115.6742280317309,10
Maschio_944,97.96354550755609,68,Femmina_944,109.18717981710773,35
Maschio_945,110.55299186167832,61,Femmina_945,99.58121959565233,76
Maschio_946,113.01548306954167,62,Femmina_946,103.80030033115077,62
Maschio_947,123.38735058163171,19,Femmina_947,99.22280199264388,27
Maschio_948,94.03452732706499,50,Femmina_948,78.85269001486992,81
Maschio_949,109.17039540261949,65,Femmina_949,94.64924210453734,28
Maschio_950,102.83750583939147,30,Femmina_950,97.15163066234551,64
Maschio_951,94.34611180177986,72,Femmina_951,93.599501631724,85
Maschio_952,103.251131027322,46,Femmina_952,123.64827222308634,29
Maschio_953,96.1686917492369,43,Femmina_953,82.40499569033867,23
Maschio_954,90.2966800886579,61,Femmina_954,84.2814527805148,67
Maschio_955,87.27309288082103,29,Femmina_955,111.0229048401072,21
Maschio_956,114.2787968174918,50,Femmina_956,77.61384933500372,46
Maschio_957,95.08993453879918,67,Femmina_957,100.18498820879195,77
Maschio_958,103.91023041613914,78,Femmina_958,82.36539314721837,41
Maschio_959,105.68945640928338,29,Femmina_959,99.59408623474896,39
Maschio_960,96.37475160296962,51,Femmina_960,97.14280006116068,56
Maschio_961,121.90566917707902,74,Femmina_961,102.80230495272079,84
Maschio_962,123.85563010521327,24,Femmina_962,95.10215289569298,89
Maschio_963,111.27873426613641,77,Femmina_963,96.7029841099301,33
Maschio_964,76.17359267555949,25,Femmina_964,118.5389496506429,38
Maschio_965,82.09746750560268,36,Femmina_965,85.21606478510408,21
Maschio_966,107.99894727091247,30,Femmina_966,97.13529132860299,19
Maschio_967,108.44456715554728,21,Femmina_967,102.86348576141123,85
Maschio_968,89.4836145795998,40,Femmina_968,110.93199978361105,83
Maschio_969,105.31498034771231,73,Femmina_969,95.21576092564895,26
Maschio_970,95.95940831113572,79,Femmina_970,77.86308594654894,17
Maschio_971,97.10661006654709,49,Femmina_971,89.8542033267708,59
Maschio_972,123.81531668615935,32,Femmina_972,89.011307412042,56
Maschio_973,89.8549020074433,69,Femmina_973,76.84239565241883,83
Maschio_974,93.73995286100215,44,Femmina_974,103.8859358068825,16
Maschio_975,98.46461332329088,15,Femmina_975,91.92917553888606,63
Maschio_976,115.23575430713011,48,Femmina_976,93.89427696884412,51
Maschio_977,95.7978876911554,44,Femmina_977,78.54687459069831,28
Maschio_978,87.18982530033182,36,Femmina_978,84.30205167222715,12
Maschio_979,128.7824500845777,23,Femmina_979,110.02063808400555,11
Maschio_980,75.88131059776067,38,Femmina_980,119.10002613997119,71
Maschio_981,125.07390498429855,59,Femmina_981,92.17010814542039,72
Maschio_982,89.15196488168466,12,Femmina_982,83.31116947081875,16
Maschio_983,132.50224023717695,67,Femmina_983,115.27657436664282,35
Maschio_984,106.2920402321851,20,Femmina_984,108.44618780033834,73
Maschio_985,94.1487337315238,17,Femmina_985,122.9668659187262,69
Maschio_986,97.776563132,76,Femmina_986,112.39248324517483,15
Maschio_987,106.52574826558656,10,Femmina_987,107.64626138123813,13
Maschio_988,94.61942533065209,49,Femmina_988,115.99793618631193,11
Maschio_989,112.04375435019547,10,Femmina_989,103.7810283874742,55
Maschio_990,100.41315922218577,71,Femmina_990,134.06709632842828,24
Maschio_991,93.09825273360158,10,Femmina_991,107.23164756911683,16
Maschio_992,83.32492977567227,68,Femmina_992,88.04701767090035,18
Maschio_993,112.7989463297423,39,Femmina_993,116.92905388787875,58
Maschio_994,114.58230363627946,12,Femmina_994,129.09415826653535,36
Maschio_995,116.09075884248219,39,Femmina_995,69.88760133469107,72
Maschio_996,108.41097921072299,44,Femmina_996,83.66490771861679,88
Maschio_997,96.11357957787293,71,Femmina_997,109.21189681820276,76
Maschio_998,109.62852350374469,22,Femmina_998,110.84261519257825,42
Maschio_999,115.38952634693119,67,Femmina_999,87.84162762549732,18
Maschio_1000,124.87722109700502,72,Femmina_1000,81.6161663456179,54
