Nome,QI,Eta,Fuma
Maschio_1,92.62423863833129,74,0
Maschio_2,95.79507418229133,75,1
Maschio_3,108.99280244571608,66,1
Maschio_4,104.98726354045309,47,0
Maschio_5,95.74975807806854,42,1
Maschio_6,119.2467530237945,39,1
Maschio_7,94.06059358530294,72,0
Maschio_8,91.81898688959778,68,1
Maschio_9,98.44151014991417,25,1
Maschio_10,100.148374965154,44,1
Maschio_11,102.9274190180039,65,0
Maschio_12,86.78836020956157,67,0
Maschio_13,73.51059189265888,45,0
Maschio_14,114.24722987950017,56,1
Maschio_15,89.61504820692087,34,0
Maschio_16,89.16598236147736,60,0
Maschio_17,91.75697229287236,43,0
Maschio_18,105.49047810280358,72,0
Maschio_19,109.89626271614121,71,0
Maschio_20,98.89681694992721,41,1
Maschio_21,69.66833040583226,73,1
Maschio_22,108.13165628454246,70,0
Maschio_23,104.62500090819502,58,1
Maschio_24,104.06937602354073,36,0
Maschio_25,82.2138985844084,46,1
Maschio_26,115.27401942283528,21,1
Maschio_27,105.49883274717752,53,1
Maschio_28,101.23280704103054,42,0
Maschio_29,108.42326764475256,10,0
Maschio_30,120.93128816651165,11,0
Maschio_31,102.7645796175675,15,0
Maschio_32,113.96654431287149,36,0
Maschio_33,96.4139790796177,28,0
Maschio_34,93.9471523834333,47,0
Maschio_35,98.04773282831638,24,0
Maschio_36,93.82810296362719,45,0
Maschio_37,125.22484811681753,51,1
Maschio_38,96.5702216878924,77,1
Maschio_39,100.33767217192137,32,0
Maschio_40,89.20981807643017,17,0
Maschio_41,82.12996608937817,66,1
Maschio_42,104.06892378000067,38,0
Maschio_43,106.85199812375502,50,1
Maschio_44,100.10185531532167,58,1
Maschio_45,90.83183768549483,43,1
Maschio_46,76.54462713895627,42,1
Maschio_47,87.42333180858752,53,1
Maschio_48,91.43290432757699,31,0
Maschio_49,78.21988200258401,49,1
Maschio_50,79.36974478458183,10,0
Maschio_51,93.09016634403902,16,1
Maschio_52,97.60038848895542,65,1
Maschio_53,100.62751954349957,39,1
Maschio_54,115.90725359032312,67,0
Maschio_55,114.68722723243127,16,0
Maschio_56,103.78919034608454,32,0
Maschio_57,119.46785805813983,52,1
Maschio_58,88.77568850823522,50,1
Maschio_59,103.51979795156039,48,0
Maschio_60,108.54178255450941,66,0
Maschio_61,79.89264361807025,26,0
Maschio_62,95.33558318925049,78,0
Maschio_63,129.7957909501305,65,0
Maschio_64,123.18809805761497,15,1
Maschio_65,100.76368493816975,29,0
Maschio_66,90.5347553040236,67,1
Maschio_67,112.78250917453983,21,1
Maschio_68,109.44390411938436,54,0
Maschio_69,70.99210463359698,67,0
Maschio_70,131.5340287489213,51,0
Maschio_71,93.44739360248346,69,1
Maschio_72,87.32265985909602,24,0
Maschio_73,103.70760892066937,25,1
Maschio_74,104.30190025049508,21,1
Maschio_75,89.0701675653195,64,0
Maschio_76,108.5858403342115,75,1
Maschio_77,93.45064092542621,75,1
Maschio_78,97.77434708721555,73,0
Maschio_79,86.59132785974998,72,1
Maschio_80,112.03249566019228,72,1
Maschio_81,101.87424744838108,23,1
Maschio_82,98.07552349817514,73,0
Maschio_83,96.37096298104818,58,1
Maschio_84,84.27257323025596,37,0
Maschio_85,100.64585695522709,66,0
Maschio_86,105.9253486605907,15,1
Maschio_87,100.41238538679336,12,1
Maschio_88,103.60014444581437,16,0
Maschio_89,93.04269537588779,58,0
Maschio_90,73.9079601821697,10,0
Maschio_91,99.54901557337932,71,1
Maschio_92,120.38875460912666,28,1
Maschio_93,99.63955296106793,16,0
Maschio_94,119.29104551693221,12,1
Maschio_95,93.42530877769101,49,1
Maschio_96,107.87466490144914,55,1
Maschio_97,103.10820058453868,33,1
Maschio_98,101.43377979814743,34,1
Maschio_99,122.49270771339243,52,0
Maschio_100,98.34658336344651,32,0
Maschio_101,96.68594023591427,74,1
Maschio_102,88.48879656444808,26,0
Maschio_103,97.22686361787967,27,1
Maschio_104,99.94329957507391,13,0
Maschio_105,85.7046851161258,73,1
Maschio_106,113.9862208708154,78,0
Maschio_107,113.43910662577457,77,0
Maschio_108,101.42053948651672,54,1
Maschio_109,127.68172820566943,58,0
Maschio_110,109.22354614567465,41,1
Maschio_111,105.18170162924292,55,0
Maschio_112,104.51145023217882,63,1
Maschio_113,109.25067699801784,10,1
Maschio_114,107.67573986478507,63,0
Maschio_115,79.98341193897329,73,1
Maschio_116,79.97317984446389,53,0
Maschio_117,99.17361555010741,77,1
Maschio_118,95.44433764280102,15,0
Maschio_119,107.60385801234771,68,0
Maschio_120,117.99793966408168,43,0
Maschio_121,107.37709016506963,46,0
Maschio_122,104.4230546193826,53,0
Maschio_123,113.33590906436257,40,0
Maschio_124,104.44407532464687,64,1
Maschio_125,102.95342580710168,57,0
Maschio_126,72.58138772347895,20,0
Maschio_127,91.12651043982487,15,0
Maschio_128,113.46316920068278,73,1
Maschio_129,91.2006060683373,59,1
Maschio_130,115.70127226495444,63,0
Maschio_131,129.412988861041,28,1
Maschio_132,107.74174747160993,21,0
Maschio_133,123.24616719836393,74,0
Maschio_134,103.54296418735092,22,1
Maschio_135,103.3599863318824,17,1
Maschio_136,125.70651870148616,56,1
Maschio_137,120.34322858920486,61,0
Maschio_138,106.7490949472662,49,1
Maschio_139,84.27990985994033,44,1
Maschio_140,111.82904671611512,40,0
Maschio_141,95.808156719136,32,1
Maschio_142,112.12764060311845,63,0
Maschio_143,82.77349152699735,55,1
Maschio_144,91.10917525215261,46,1
Maschio_145,84.98978519773596,71,1
Maschio_146,121.81490373661207,25,1
Maschio_147,113.77375103839462,60,1
Maschio_148,91.09357613488754,60,0
Maschio_149,90.84882094326096,15,0
Maschio_150,112.33694266763717,44,0
Maschio_151,88.5268775563282,17,1
Maschio_152,79.31409689593981,37,0
Maschio_153,111.98812320107996,30,1
Maschio_154,94.3919949058929,69,1
Maschio_155,123.81937832100252,19,1
Maschio_156,125.99283759611556,32,0
Maschio_157,87.66698727570682,15,0
Maschio_158,107.55884530014546,58,1
Maschio_159,107.96369387764537,61,0
Maschio_160,101.77162330930862,15,0
Maschio_161,93.49251812102624,18,1
Maschio_162,105.08227032312125,10,1
Maschio_163,96.86620133931544,25,1
Maschio_164,124.89339048707116,47,1
Maschio_165,78.04877677164876,33,1
Maschio_166,89.54549405623332,38,1
Maschio_167,122.74428882586396,32,0
Maschio_168,111.73149116841417,13,0
Maschio_169,84.88437060994525,51,0
Maschio_170,98.08608727664254,20,0
Maschio_171,102.40564328933853,69,0
Maschio_172,82.93098681522665,33,1
Maschio_173,123.20901279380323,19,1
Maschio_174,100.1399583444071,59,1
Maschio_175,107.44066624826279,18,0
Maschio_176,111.98703345158086,35,0
Maschio_177,81.8771854972542,50,0
Maschio_178,91.37695156492765,70,0
Maschio_179,72.21921746170537,63,1
Maschio_180,101.15168156037203,73,0
Maschio_181,101.95132652249333,69,0
Maschio_182,104.57679336730128,11,1
Maschio_183,131.94433055180076,29,0
Maschio_184,92.81754222212133,27,0
Maschio_185,98.08168673335265,43,1
Maschio_186,95.68396492934684,76,0
Maschio_187,86.27372730912018,72,0
Maschio_188,93.48224705843064,27,0
Maschio_189,119.3907716374789,16,0
Maschio_190,87.13256331243628,12,1
Maschio_191,93.39627310750342,12,0
Maschio_192,119.77159102753382,71,0
Maschio_193,70.27959199382553,23,0
Maschio_194,86.66906365386127,31,1
Maschio_195,120.90437548679523,24,0
Maschio_196,125.52281563241411,62,0
Maschio_197,116.97147212990585,57,0
Maschio_198,100.85665453326172,20,1
Maschio_199,113.28531275418182,46,0
Maschio_200,93.4127032211315,16,1
Maschio_201,110.41812702491588,18,1
Maschio_202,101.32246368438679,60,1
Maschio_203,102.90946596138187,41,1
Maschio_204,99.3215958738918,27,0
Maschio_205,128.64124259795167,36,1
Maschio_206,101.73900364748226,67,0
Maschio_207,115.77251931715747,55,0
Maschio_208,118.35742844177506,23,1
Maschio_209,117.95141292784231,24,0
Maschio_210,94.40696558005665,22,0
Maschio_211,120.26644593041617,42,1
Maschio_212,121.11684998785096,29,1
Maschio_213,90.2069492118948,54,1
Maschio_214,102.4143965031057,16,0
Maschio_215,81.0539405248164,19,1
Maschio_216,89.40458622121582,27,0
Maschio_217,117.25428698047125,76,1
Maschio_218,124.6244261945713,58,0
Maschio_219,87.03753609535958,24,1
Maschio_220,123.84049352847806,18,1
Maschio_221,109.7262820103409,25,0
Maschio_222,80.16476960663655,60,0
Maschio_223,95.09648770248158,52,1
Maschio_224,103.38365871970464,39,1
Maschio_225,97.97993204545917,59,1
Maschio_226,116.22322879726887,59,0
Maschio_227,109.13353040998918,12,1
Maschio_228,113.26923280452965,40,0
Maschio_229,94.68616422771736,26,0
Maschio_230,111.83926234769336,66,1
Maschio_231,70.59699948950242,65,1
Maschio_232,74.24971065607949,73,1
Maschio_233,118.94787731851434,19,1
Maschio_234,102.54585211522473,68,1
Maschio_235,94.65305354055258,66,1
Maschio_236,98.63217235621907,10,0
Maschio_237,94.2344199915571,27,0
Maschio_238,105.1626004436229,63,0
Maschio_239,82.39264047005861,20,1
Maschio_240,100.79557703624096,60,0
Maschio_241,110.20459201800853,10,1
Maschio_242,108.72981662810744,38,0
Maschio_243,130.80528333968564,70,1
Maschio_244,101.7329415285763,12,0
Maschio_245,105.36460194600723,69,1
Maschio_246,92.715262336483,17,0
Maschio_247,100.19404208820367,45,0
Maschio_248,75.69455965155382,47,1
Maschio_249,108.96277581751727,65,1
Maschio_250,93.34206138176052,78,1
Maschio_251,99.65059391125186,19,0
Maschio_252,107.20746672374291,72,0
Maschio_253,104.05315110269146,46,0
Maschio_254,95.89227196016161,21,0
Maschio_255,91.99674983501093,23,0
Maschio_256,117.7366903936714,18,0
Maschio_257,106.09428357823255,12,1
Maschio_258,99.03872562433878,26,0
Maschio_259,112.8424144628036,28,0
Maschio_260,97.63475845226199,62,1
Maschio_261,92.49437787110125,52,1
Maschio_262,97.21394128502979,13,1
Maschio_263,89.12044066322788,45,1
Maschio_264,106.47407030886282,30,1
Maschio_265,98.06527334968435,61,1
Maschio_266,106.97231577494941,21,0
Maschio_267,85.05702149499353,16,1
Maschio_268,87.5944530126191,41,0
Maschio_269,111.60255601069566,52,0
Maschio_270,92.23911934064256,53,0
Maschio_271,92.39454792642474,59,0
Maschio_272,85.12431344539847,43,0
Maschio_273,77.4157270130047,18,1
Maschio_274,102.01927269583058,32,0
Maschio_275,112.97705750760464,57,1
Maschio_276,110.28998729762134,47,1
Maschio_277,106.80120094935579,43,0
Maschio_278,93.21576935260919,33,0
Maschio_279,109.00332574045878,57,0
Maschio_280,89.41626331802881,19,0
Maschio_281,108.61684323789902,54,1
Maschio_282,130.3861748819841,33,1
Maschio_283,112.75797420398186,79,0
Maschio_284,120.03861043885013,25,1
Maschio_285,95.0171810805092,51,0
Maschio_286,106.61115000561182,50,0
Maschio_287,116.03219508257925,73,1
Maschio_288,109.20288586240692,43,1
Maschio_289,111.30185306926963,38,1
Maschio_290,92.87875928073717,55,1
Maschio_291,129.44983714426115,45,0
Maschio_292,118.03115944125057,77,0
Maschio_293,106.65203654989926,37,1
Maschio_294,103.39264771512197,52,1
Maschio_295,75.39292254889034,39,1
Maschio_296,83.1694950466206,40,0
Maschio_297,130.0229458809903,39,1
Maschio_298,89.07954823249364,33,1
Maschio_299,113.36252523237441,42,1
Maschio_300,126.98157078105268,33,1
Maschio_301,93.4238271171881,59,0
Maschio_302,109.61504127816612,35,0
Maschio_303,112.36827947780172,70,0
Maschio_304,80.62810765243559,77,0
Maschio_305,81.68016919954584,10,1
Maschio_306,75.33483060612946,72,1
Maschio_307,90.83828722956609,42,1
Maschio_308,95.70907881536769,12,0
Maschio_309,85.55417953771808,33,0
Maschio_310,99.44604054224607,39,0
Maschio_311,113.92405096469335,57,0
Maschio_312,83.44552509217462,10,1
Maschio_313,113.19293996003736,35,1
Maschio_314,111.43738567929411,11,0
Maschio_315,107.06590912064269,35,1
Maschio_316,111.94111409819779,16,0
Maschio_317,84.75276066541694,66,0
Maschio_318,99.58833803513892,62,1
Maschio_319,77.97344944695654,39,0
Maschio_320,102.88658866278303,43,0
Maschio_321,89.88677588467202,46,0
Maschio_322,121.21825880019453,45,1
Maschio_323,73.45608544487425,72,1
Maschio_324,100.86155065454216,76,1
Maschio_325,97.64298250147434,44,0
Maschio_326,116.60981988742076,55,0
Maschio_327,108.69817102398301,36,1
Maschio_328,85.87988335361794,47,1
Maschio_329,92.06042645408758,46,0
Maschio_330,98.94477016553854,67,1
Maschio_331,123.35165537911156,11,0
Maschio_332,100.78139020569004,75,1
Maschio_333,65.1820813661273,65,0
Maschio_334,107.10900553782919,21,0
Maschio_335,101.82068059668195,40,1
Maschio_336,105.22197181048885,48,1
Maschio_337,107.96296771861161,62,1
Maschio_338,89.82680001443067,23,0
Maschio_339,117.59768790459,15,0
Maschio_340,97.55809071363788,79,0
Maschio_341,94.3485684897789,19,1
Maschio_342,106.28358864140775,43,1
Maschio_343,106.79918805620552,62,1
Maschio_344,110.4777737304466,46,0
Maschio_345,107.31481832010066,73,1
Maschio_346,92.71269024308992,64,1
Maschio_347,74.61532809746087,16,1
Maschio_348,100.71164771853097,23,0
Maschio_349,118.25146019320718,55,1
Maschio_350,105.56873521744204,73,1
Maschio_351,114.64439364754513,70,1
Maschio_352,129.3559119714319,25,1
Maschio_353,131.82113903374656,47,1
Maschio_354,105.9441652800364,45,1
Maschio_355,95.96566290034987,23,1
Maschio_356,106.49946248601451,71,1
Maschio_357,100.3772893098967,39,0
Maschio_358,96.74504997849714,71,1
Maschio_359,89.3166782556938,60,1
Maschio_360,116.27485678177788,57,1
Maschio_361,106.28187069637872,41,1
Maschio_362,95.33483796386054,15,0
Maschio_363,102.54661569165926,66,1
Maschio_364,95.22182803536893,34,1
Maschio_365,111.28414388077533,52,0
Maschio_366,105.13583215008472,37,0
Maschio_367,94.28562733196796,27,1
Maschio_368,117.03922191056348,33,0
Maschio_369,96.49010383997991,12,0
Maschio_370,114.23454500056047,65,1
Maschio_371,81.20682606256055,14,1
Maschio_372,112.48716420718651,58,0
Maschio_373,126.42370640644862,61,1
Maschio_374,107.00150084763699,66,1
Maschio_375,103.72516842349735,70,0
Maschio_376,84.41507068731546,56,1
Maschio_377,101.64356745470636,73,1
Maschio_378,92.34810929890452,79,0
Maschio_379,109.58059585118971,30,0
Maschio_380,100.69541869996782,69,0
Maschio_381,128.42304107127492,51,1
Maschio_382,66.37245640943263,39,0
Maschio_383,101.81975186193529,73,0
Maschio_384,94.3661199199798,59,1
Maschio_385,109.02187298916388,22,1
Maschio_386,96.22095196335984,10,1
Maschio_387,112.2949159332725,47,0
Maschio_388,91.62239080990184,15,1
Maschio_389,77.36468298007327,28,0
Maschio_390,102.36871030631933,43,0
Maschio_391,101.5900959240179,57,0
Maschio_392,91.05750853844049,65,1
Maschio_393,102.51182005895214,77,1
Maschio_394,86.78199866023066,24,0
Maschio_395,133.92561104884098,14,1
Maschio_396,102.59351185695247,57,0
Maschio_397,117.15526251254842,61,0
Maschio_398,91.43767078884488,59,0
Maschio_399,102.94600856728132,71,0
Maschio_400,94.33317191528536,28,1
Maschio_401,90.37816595327212,74,0
Maschio_402,71.53592297904802,20,1
Maschio_403,116.74215202566148,71,0
Maschio_404,108.63642307184433,42,1
Maschio_405,111.96817756983346,54,1
Maschio_406,73.27822570253521,61,0
Maschio_407,101.96678049744595,62,0
Maschio_408,102.51160271477139,41,1
Maschio_409,113.70462721854312,13,1
Maschio_410,126.46552344079426,50,1
Maschio_411,101.47561993221396,26,0
Maschio_412,125.53679256206787,32,0
Maschio_413,100.5809750937705,43,1
Maschio_414,85.77645112004701,57,0
Maschio_415,95.77350226297199,59,0
Maschio_416,89.98220964852958,11,0
Maschio_417,99.20297682091842,28,0
Maschio_418,109.47298618981851,79,0
Maschio_419,82.41882729796191,46,0
Maschio_420,78.2560680989765,36,1
Maschio_421,64.09549180867342,15,1
Maschio_422,117.86378144807412,24,0
Maschio_423,101.52337622543754,11,1
Maschio_424,103.45235415125816,22,1
Maschio_425,83.54526659034227,34,0
Maschio_426,98.7537649358241,75,1
Maschio_427,101.37270009010105,53,1
Maschio_428,135.46228713624907,20,1
Maschio_429,113.52150405857267,34,0
Maschio_430,93.30880819984633,55,1
Maschio_431,134.99507431179532,37,1
Maschio_432,113.76402678985131,75,0
Maschio_433,100.96387209542516,76,1
Maschio_434,96.09548715538637,32,1
Maschio_435,102.51678271395637,55,1
Maschio_436,109.87134949258389,75,1
Maschio_437,119.55330633164348,60,0
Maschio_438,107.78854266714389,25,1
Maschio_439,110.58136612657344,11,0
Maschio_440,109.57155061538991,61,1
Maschio_441,118.1999197146459,21,1
Maschio_442,102.84713698292758,10,1
Maschio_443,81.8608051165976,47,1
Maschio_444,92.96765261516651,29,1
Maschio_445,104.9966214981842,58,0
Maschio_446,97.36992261947626,36,1
Maschio_447,102.2607352278145,65,0
Maschio_448,107.33428001910812,38,0
Maschio_449,91.72053562965546,32,0
Maschio_450,91.81730435803948,32,0
Maschio_451,106.49801294197749,21,0
Maschio_452,100.83239156120915,68,0
Maschio_453,102.48775043502904,11,1
Maschio_454,106.63705063388663,18,0
Maschio_455,95.88644335323946,72,0
Maschio_456,84.80564739127914,71,1
Maschio_457,102.83121506726066,77,1
Maschio_458,98.70938311152041,27,1
Maschio_459,70.38040876770017,35,0
Maschio_460,104.89682976298675,77,1
Maschio_461,92.35632797415727,63,1
Maschio_462,93.82765169369335,52,1
Maschio_463,106.58429834222906,10,1
Maschio_464,120.93562682943409,58,0
Maschio_465,87.78551689584492,44,0
Maschio_466,117.1711025462723,35,0
Maschio_467,107.80967667373595,24,1
Maschio_468,120.27953291122063,76,0
Maschio_469,99.11265713112769,53,1
Maschio_470,93.63359148337891,26,1
Maschio_471,109.8036723903895,31,0
Maschio_472,109.50150413464456,77,0
Maschio_473,122.89116410364545,18,1
Maschio_474,120.40562471638654,45,1
Maschio_475,109.02588769890478,53,1
Maschio_476,98.50958723874317,76,0
Maschio_477,103.04700493247391,78,0
Maschio_478,91.43443821732794,13,0
Maschio_479,104.77652406577175,44,1
Maschio_480,88.80681867053643,21,1
Maschio_481,91.0715123534315,45,1
Maschio_482,82.75618674375622,44,0
Maschio_483,95.18263075476494,65,1
Maschio_484,110.80735923195911,20,0
Maschio_485,108.94922405205602,13,1
Maschio_486,92.38748771706051,71,0
Maschio_487,102.99357216528533,44,1
Maschio_488,118.80528371202143,27,0
Maschio_489,115.8527223161144,65,1
Maschio_490,90.95391163892955,62,1
Maschio_491,107.79233840081211,45,1
Maschio_492,106.72181871197763,18,0
Maschio_493,121.33649001881992,76,0
Maschio_494,127.24527588121288,46,1
Maschio_495,109.29363989758971,73,1
Maschio_496,95.66617958791988,59,0
Maschio_497,96.64787581918847,68,0
Maschio_498,110.66434382124324,55,0
Maschio_499,97.60978509052477,13,0
Maschio_500,111.21669217264599,67,0
Maschio_501,121.21105512950078,71,0
Maschio_502,91.76199084449554,42,0
Maschio_503,107.30072939068036,12,0
Maschio_504,93.2358174180628,10,0
Maschio_505,112.29328587829185,64,0
Maschio_506,99.59582737314938,51,1
Maschio_507,95.09714951790963,61,0
Maschio_508,97.5627402818393,76,0
Maschio_509,127.80411474250465,76,1
Maschio_510,87.51606005550184,57,1
Maschio_511,113.07093245673714,78,1
Maschio_512,134.49713319331576,76,1
Maschio_513,113.75283030254349,45,0
Maschio_514,105.36055736640034,19,0
Maschio_515,124.50890125100918,76,0
Maschio_516,107.14823794124145,42,1
Maschio_517,102.45913962935086,67,1
Maschio_518,101.00928499339861,45,0
Maschio_519,113.77427853004414,38,1
Maschio_520,124.19431246494382,37,1
Maschio_521,105.35130250211829,71,1
Maschio_522,98.51548097980083,66,1
Maschio_523,109.25181890122316,50,0
Maschio_524,97.25508287844018,30,0
Maschio_525,118.81985664658691,27,0
Maschio_526,94.7472031273417,45,0
Maschio_527,99.9837989339123,34,1
Maschio_528,91.50681372807705,18,1
Maschio_529,99.95326149476823,16,1
Maschio_530,100.58547935614139,67,0
Maschio_531,85.38876182826996,35,1
Maschio_532,87.5858518757653,51,0
Maschio_533,127.90811306286469,53,0
Maschio_534,97.78308450822742,35,1
Maschio_535,77.19894237736257,55,1
Maschio_536,125.7643713918571,23,0
Maschio_537,99.22320016785284,58,0
Maschio_538,87.32711156446034,69,1
Maschio_539,101.82282769783441,31,0
Maschio_540,81.93200253747612,69,1
Maschio_541,112.62458588355778,59,1
Maschio_542,130.3247267429412,78,1
Maschio_543,106.48441934417436,24,0
Maschio_544,90.72909027298344,44,1
Maschio_545,85.24686703466952,13,0
Maschio_546,109.8207110639748,53,1
Maschio_547,112.9700072349251,14,0
Maschio_548,97.93640048460847,22,0
Maschio_549,99.99885010844062,11,1
Maschio_550,107.40506551306535,70,1
Maschio_551,114.10395714321689,67,1
Maschio_552,100.46880582050015,76,1
Maschio_553,99.6651814648423,27,1
Maschio_554,105.45086639056325,32,0
Maschio_555,106.05060865078934,23,0
Maschio_556,107.27605306770205,37,1
Maschio_557,91.45588434654563,57,1
Maschio_558,114.50505913244709,42,1
Maschio_559,72.18109428086139,68,1
Maschio_560,119.6236280817379,77,0
Maschio_561,113.32804212604955,73,0
Maschio_562,138.17988373826125,15,0
Maschio_563,97.3879412440406,41,0
Maschio_564,109.12726855335717,74,0
Maschio_565,86.31393279246038,66,0
Maschio_566,100.29654403440956,55,1
Maschio_567,99.19661349064995,71,0
Maschio_568,91.6352607919678,52,0
Maschio_569,86.95954276360696,55,0
Maschio_570,106.11947945114858,22,1
Maschio_571,106.72647258471574,15,1
Maschio_572,135.22497853621144,27,1
Maschio_573,116.74853760506774,43,0
Maschio_574,104.54071639164344,17,0
Maschio_575,105.36792249081736,34,0
Maschio_576,81.08719320838688,46,1
Maschio_577,93.86254809862348,54,0
Maschio_578,109.31917642112501,68,0
Maschio_579,112.9729282782053,10,1
Maschio_580,94.78304059491312,25,1
Maschio_581,102.44515896652214,28,1
Maschio_582,115.60428264439682,48,0
Maschio_583,106.3966994725402,47,1
Maschio_584,99.87092696529915,45,0
Maschio_585,122.68576362716226,13,1
Maschio_586,111.58237255576854,67,1
Maschio_587,79.46914268607209,55,1
Maschio_588,137.5118843216276,25,0
Maschio_589,110.91398266877212,60,0
Maschio_590,93.82280799866349,26,0
Maschio_591,102.34815516783141,22,1
Maschio_592,134.12639233976404,56,1
Maschio_593,116.68254401058022,46,0
Maschio_594,40.88853385905204,78,1
Maschio_595,111.13026402441653,74,0
Maschio_596,113.3379252991249,45,0
Maschio_597,87.51335484538373,51,0
Maschio_598,110.56641592611895,57,0
Maschio_599,108.65884816930534,63,0
Maschio_600,110.92528381301798,54,1
Maschio_601,98.55675657569117,73,1
Maschio_602,92.08764891630027,24,1
Maschio_603,109.75267309977797,68,0
Maschio_604,80.3748130993308,32,0
Maschio_605,114.15929315132544,22,1
Maschio_606,93.01377461702157,23,0
Maschio_607,102.09364442299436,69,0
Maschio_608,105.53635375222322,76,0
Maschio_609,87.92437249889392,44,0
Maschio_610,112.45059638516224,55,0
Maschio_611,88.92047680489831,69,1
Maschio_612,89.83550937758974,70,0
Maschio_613,88.32851190192243,49,1
Maschio_614,100.51547708471593,54,1
Maschio_615,95.93071903890741,39,0
Maschio_616,92.12901364509283,61,0
Maschio_617,92.21144960688397,24,0
Maschio_618,82.26944501156794,45,1
Maschio_619,98.06950170630725,38,0
Maschio_620,111.65756462350622,19,1
Maschio_621,77.93421495213639,73,1
Maschio_622,107.25272349193791,16,1
Maschio_623,115.94044944267571,54,0
Maschio_624,75.82775202273383,60,1
Maschio_625,124.3445652900511,59,1
Maschio_626,99.36968021219897,33,0
Maschio_627,90.13602430096255,55,1
Maschio_628,105.10597683729345,67,0
Maschio_629,92.71617064845225,23,1
Maschio_630,100.35460358336546,79,1
Maschio_631,81.56241593055282,69,0
Maschio_632,136.38261789326614,43,0
Maschio_633,128.83447434529202,53,0
Maschio_634,67.60139075616695,78,0
Maschio_635,117.14705216868029,24,0
Maschio_636,104.65303886397356,45,0
Maschio_637,116.47901971346236,77,1
Maschio_638,97.63187063052716,34,1
Maschio_639,97.23090210487918,15,0
Maschio_640,112.95982035430727,72,0
Maschio_641,111.94164833334112,74,0
Maschio_642,103.11433512919037,36,1
Maschio_643,88.43640432710689,66,1
Maschio_644,111.05434297755444,50,0
Maschio_645,125.98800814591698,23,0
Maschio_646,102.58554160288062,39,1
Maschio_647,102.69578242071611,31,1
Maschio_648,72.07651902766682,17,0
Maschio_649,94.72619042815295,49,0
Maschio_650,94.3059927348897,12,1
Maschio_651,105.54938023543326,36,1
Maschio_652,108.73882152381174,74,1
Maschio_653,77.57494435674937,78,0
Maschio_654,100.04032404930349,28,0
Maschio_655,86.21343443955402,27,1
Maschio_656,100.71385761071231,63,1
Maschio_657,101.48909503879145,44,1
Maschio_658,91.8068196561519,70,1
Maschio_659,91.84473003483312,59,1
Maschio_660,104.10888488410471,55,1
Maschio_661,99.07330473606332,38,0
Maschio_662,123.08492344240426,43,1
Maschio_663,94.32849724967602,16,0
Maschio_664,120.47985803557438,41,1
Maschio_665,76.16643378872573,23,0
Maschio_666,85.10566790769748,68,1
Maschio_667,100.90924365955162,42,1
Maschio_668,104.11338471297066,19,0
Maschio_669,129.2814178511265,71,0
Maschio_670,88.08763845844551,23,1
Maschio_671,115.75564984415955,53,1
Maschio_672,114.35527298071963,78,1
Maschio_673,72.66058161665828,56,0
Maschio_674,108.61312803742372,15,1
Maschio_675,109.19217363106613,22,1
Maschio_676,104.80409241583027,51,0
Maschio_677,106.86534782681437,47,0
Maschio_678,116.33145132604045,29,0
Maschio_679,95.99491279287425,53,1
Maschio_680,109.6837299050969,69,0
Maschio_681,115.59320526683705,17,0
Maschio_682,81.03287462751116,25,0
Maschio_683,70.73504335620599,56,0
Maschio_684,88.06617520051935,58,0
Maschio_685,102.7708031312825,28,1
Maschio_686,109.30930176581549,35,0
Maschio_687,85.51613663964821,70,0
Maschio_688,111.9956515880956,40,1
Maschio_689,111.65264926718176,13,1
Maschio_690,91.77024115799512,32,1
Maschio_691,103.28502418392702,46,0
Maschio_692,95.55212356525946,34,1
Maschio_693,122.6976280833983,78,0
Maschio_694,124.30648014252148,29,0
Maschio_695,110.92282510455463,47,0
Maschio_696,94.225256836846,25,1
Maschio_697,126.06143290216907,20,0
Maschio_698,102.62673970138758,66,1
Maschio_699,117.97200029674973,34,0
Maschio_700,108.876510254745,41,0
Maschio_701,120.08129470336534,70,0
Maschio_702,119.64563860915965,71,1
Maschio_703,89.64967763220116,33,0
Maschio_704,121.48209946426465,10,1
Maschio_705,118.51037061747131,68,0
Maschio_706,87.49939246518187,45,0
Maschio_707,96.90773071784734,40,0
Maschio_708,83.4922600871901,51,1
Maschio_709,117.62207079684165,72,0
Maschio_710,108.17664228360681,54,0
Maschio_711,89.32947130771734,12,1
Maschio_712,122.68574964663541,12,1
Maschio_713,104.51659554349999,71,0
Maschio_714,100.1110125391446,43,1
Maschio_715,96.01353955890721,55,0
Maschio_716,89.73647594471713,40,1
Maschio_717,115.68479133517641,77,0
Maschio_718,104.14634823722847,51,0
Maschio_719,101.10170244870945,44,1
Maschio_720,123.86991954203596,44,1
Maschio_721,109.20178589847657,57,1
Maschio_722,111.71227487430922,67,1
Maschio_723,111.62110259093598,61,0
Maschio_724,113.2511866130205,18,1
Maschio_725,107.64007244524088,14,0
Maschio_726,94.88613284980886,79,0
Maschio_727,121.24473910440119,61,1
Maschio_728,126.0904127423328,37,0
Maschio_729,133.6972464759476,30,0
Maschio_730,116.51288184242419,23,0
Maschio_731,108.38800927151304,48,0
Maschio_732,95.44059090596214,55,0
Maschio_733,104.13451046320432,54,1
Maschio_734,114.5284334039649,52,0
Maschio_735,126.52829446251073,50,0
Maschio_736,98.46362717712215,75,1
Maschio_737,87.2680359918994,72,0
Maschio_738,104.57016248453907,76,0
Maschio_739,90.24463603361109,66,1
Maschio_740,84.14203855917839,53,1
Maschio_741,110.70229066569154,49,0
Maschio_742,126.32344623588506,73,0
Maschio_743,124.58646800489906,41,1
Maschio_744,105.69279240922219,36,1
Maschio_745,92.60486783503984,44,1
Maschio_746,106.70822131152198,49,0
Maschio_747,109.11076216597691,10,0
Maschio_748,85.05038185993419,67,1
Maschio_749,125.78822828578872,31,1
Maschio_750,85.72851367428825,28,1
Maschio_751,93.51856329396989,60,0
Maschio_752,98.75095123100039,26,1
Maschio_753,106.64845881014709,18,1
Maschio_754,103.69529106391879,24,0
Maschio_755,97.15588917172549,31,1
Maschio_756,124.93672970248609,61,0
Maschio_757,93.47796695969822,74,1
Maschio_758,112.27932999670765,75,1
Maschio_759,115.19648290931677,13,1
Maschio_760,97.70060437222855,34,0
Maschio_761,99.64215577025706,51,1
Maschio_762,115.90130508112922,17,1
Maschio_763,111.88453558528407,54,0
Maschio_764,102.71939402275926,28,0
Maschio_765,116.34196640291542,18,1
Maschio_766,118.24864779968966,30,1
Maschio_767,93.57234012296115,27,1
Maschio_768,94.95165441351004,16,1
Maschio_769,90.8959735663697,42,0
Maschio_770,129.74178111509764,42,1
Maschio_771,123.3773303715022,57,0
Maschio_772,122.87450178840433,22,1
Maschio_773,92.10343066950625,13,0
Maschio_774,94.25910481944891,42,0
Maschio_775,112.69851220884948,30,0
Maschio_776,86.2465447365738,17,1
Maschio_777,125.93143879507033,66,1
Maschio_778,94.2786319434922,50,0
Maschio_779,90.02562329432573,39,0
Maschio_780,89.99401340275303,10,1
Maschio_781,99.8747247445334,75,0
Maschio_782,82.66707983784897,76,0
Maschio_783,104.8058979087446,58,1
Maschio_784,88.07895935718162,78,0
Maschio_785,103.4108169991034,13,1
Maschio_786,105.6391542581413,27,0
Maschio_787,108.296884608338,47,1
Maschio_788,100.14519873891882,38,0
Maschio_789,96.58645015612876,65,1
Maschio_790,97.69487404136915,77,1
Maschio_791,76.34510512862686,59,1
Maschio_792,87.13505646321221,57,1
Maschio_793,118.07602979227684,76,0
Maschio_794,92.93599678231668,26,0
Maschio_795,117.63117563775195,24,1
Maschio_796,112.85476117107801,33,0
Maschio_797,93.1319620979959,29,0
Maschio_798,118.51338331232245,26,0
Maschio_799,99.99408174866069,17,0
Maschio_800,85.95011759248749,57,0
Maschio_801,71.78574711693315,71,1
Maschio_802,105.46773037175974,78,0
Maschio_803,110.67633985358913,34,0
Maschio_804,90.44870318482624,44,0
Maschio_805,88.18626963195798,24,0
Maschio_806,100.08418880360868,37,0
Maschio_807,96.82821390360012,74,1
Maschio_808,89.07303830597762,47,0
Maschio_809,138.43206395799882,41,1
Maschio_810,91.88778761415061,74,0
Maschio_811,104.18891268814927,73,1
Maschio_812,113.23963294227899,74,1
Maschio_813,100.51862981821212,18,0
Maschio_814,94.43461038242516,52,0
Maschio_815,105.39207888534948,48,1
Maschio_816,124.98457161469248,39,0
Maschio_817,112.54675871071196,20,1
Maschio_818,103.20864120058887,36,1
Maschio_819,124.77276812964263,35,0
Maschio_820,106.41506970781313,56,1
Maschio_821,107.07820778446802,68,1
Maschio_822,102.09262096670786,47,0
Maschio_823,108.55872103027193,19,0
Maschio_824,88.42825566144437,45,0
Maschio_825,105.72357953755738,73,0
Maschio_826,132.86535126682935,69,0
Maschio_827,108.43211773316538,14,0
Maschio_828,101.42288430157669,58,0
Maschio_829,110.76107249578816,72,0
Maschio_830,93.34843424953156,78,0
Maschio_831,75.74324566071164,55,0
Maschio_832,108.6262818076339,77,1
Maschio_833,125.34788596100057,58,0
Maschio_834,98.48584131879132,62,1
Maschio_835,102.9084735641645,39,0
Maschio_836,102.01634820120097,18,1
Maschio_837,97.28509215025294,46,0
Maschio_838,119.23187412206906,63,0
Maschio_839,104.29312698847102,28,1
Maschio_840,111.18815547350789,44,1
Maschio_841,88.91968097615474,74,1
Maschio_842,121.58543673530541,76,1
Maschio_843,114.24140761848031,23,1
Maschio_844,91.65828244150634,67,1
Maschio_845,111.32697999682306,19,0
Maschio_846,79.06627272840932,14,1
Maschio_847,100.13885210242093,16,1
Maschio_848,86.30162689222732,50,1
Maschio_849,123.47082937795918,58,1
Maschio_850,107.92384171007268,48,1
Maschio_851,118.52540488215996,38,0
Maschio_852,89.86253377212006,26,1
Maschio_853,129.83364914128018,47,1
Maschio_854,109.45564443947293,52,1
Maschio_855,107.91636966928783,44,1
Maschio_856,105.4145820001294,77,1
Maschio_857,116.26103654755914,18,1
Maschio_858,106.72908380563577,21,1
Maschio_859,101.74178623446252,13,0
Maschio_860,85.54905819602197,11,0
Maschio_861,98.81473666492302,18,1
Maschio_862,103.9340415171839,27,1
Maschio_863,91.51486395627143,34,1
Maschio_864,81.06681324918547,39,0
Maschio_865,110.11909327132396,34,1
Maschio_866,98.07032230514227,69,1
Maschio_867,97.02438140484607,73,0
Maschio_868,94.37636027407945,47,0
Maschio_869,87.84296477837282,55,0
Maschio_870,103.66555163032545,24,1
Maschio_871,105.69130340655784,63,0
Maschio_872,118.89347746529032,46,0
Maschio_873,82.2190441134793,59,1
Maschio_874,85.58328686170344,72,1
Maschio_875,117.60543738278102,79,1
Maschio_876,92.59394030147007,30,0
Maschio_877,108.3969184703658,72,0
Maschio_878,90.77631182492104,31,0
Maschio_879,134.38832674050323,25,1
Maschio_880,100.06343365051508,45,0
Maschio_881,89.05486833238302,40,0
Maschio_882,121.96188701318066,30,0
Maschio_883,127.33940238145722,54,1
Maschio_884,107.51784144517865,60,1
Maschio_885,91.91437278147798,33,0
Maschio_886,83.3867852843525,28,1
Maschio_887,121.81485549249017,45,0
Maschio_888,90.39422439996022,19,1
Maschio_889,101.8970309759859,44,0
Maschio_890,75.98853422978304,54,1
Maschio_891,101.21792849391286,44,0
Maschio_892,77.50279714809761,52,0
Maschio_893,94.54645859051008,19,1
Maschio_894,112.29300358704457,24,0
Maschio_895,103.34762418410693,65,0
Maschio_896,122.30684815980734,64,1
Maschio_897,106.10637424089248,76,0
Maschio_898,97.413693171704,13,0
Maschio_899,96.84334820786589,79,1
Maschio_900,108.11164436105231,43,0
Maschio_901,92.46122409397842,36,1
Maschio_902,117.45941332278176,53,0
Maschio_903,94.73546090368717,11,0
Maschio_904,106.3185728056309,18,1
Maschio_905,91.73572832300398,34,0
Maschio_906,127.20090620032258,47,0
Maschio_907,88.09309793739519,44,0
Maschio_908,81.11631569066101,22,0
Maschio_909,98.35459193372641,51,0
Maschio_910,90.16700296235696,75,1
Maschio_911,113.52826201343605,67,1
Maschio_912,86.60624681760622,78,1
Maschio_913,116.66986636011293,62,1
Maschio_914,93.62661023206886,49,0
Maschio_915,90.84168958871294,25,1
Maschio_916,90.19356135384501,30,0
Maschio_917,93.13512593297027,53,1
Maschio_918,92.64232029738363,13,1
Maschio_919,80.66587985530455,20,0
Maschio_920,104.82038445782199,79,0
Maschio_921,99.06706260490392,39,1
Maschio_922,93.06328572432258,68,0
Maschio_923,112.57301225753235,15,1
Maschio_924,101.03462485125041,68,1
Maschio_925,119.3887487642488,41,1
Maschio_926,98.04760817057486,47,1
Maschio_927,112.83857518675975,41,1
Maschio_928,102.59327875324614,20,1
Maschio_929,83.92393468309211,73,1
Maschio_930,113.6867078853929,50,0
Maschio_931,108.72397587193117,75,1
Maschio_932,90.34836323193683,40,0
Maschio_933,104.01953970784177,41,0
Maschio_934,77.86141827317343,36,0
Maschio_935,114.74539345608976,28,1
Maschio_936,117.71841999326642,23,0
Maschio_937,106.68284816809978,23,1
Maschio_938,130.5846188015389,11,1
Maschio_939,86.98482953890277,30,1
Maschio_940,137.22518155865814,54,1
Maschio_941,125.75423285458999,29,0
Maschio_942,108.47001589262622,31,1
Maschio_943,89.20903049031067,61,1
Maschio_944,97.96354550755609,68,1
Maschio_945,110.55299186167832,61,1
Maschio_946,113.01548306954167,62,1
Maschio_947,123.38735058163171,19,1
Maschio_948,94.03452732706499,50,1
Maschio_949,109.17039540261949,65,1
Maschio_950,102.83750583939147,30,1
Maschio_951,94.34611180177986,72,0
Maschio_952,103.251131027322,46,0
Maschio_953,96.1686917492369,43,0
Maschio_954,90.2966800886579,61,1
Maschio_955,87.27309288082103,29,1
Maschio_956,114.2787968174918,50,1
Maschio_957,95.08993453879918,67,1
Maschio_958,103.91023041613914,78,0
Maschio_959,105.68945640928338,29,0
Maschio_960,96.37475160296962,51,1
Maschio_961,121.90566917707902,74,1
Maschio_962,123.85563010521327,24,0
Maschio_963,111.27873426613641,77,1
Maschio_964,76.17359267555949,25,1
Maschio_965,82.09746750560268,36,1
Maschio_966,107.99894727091247,30,1
Maschio_967,108.44456715554728,21,1
Maschio_968,89.4836145795998,40,1
Maschio_969,105.31498034771231,73,0
Maschio_970,95.95940831113572,79,1
Maschio_971,97.10661006654709,49,1
Maschio_972,123.81531668615935,32,0
Maschio_973,89.8549020074433,69,0
Maschio_974,93.73995286100215,44,1
Maschio_975,98.46461332329088,15,1
Maschio_976,115.23575430713011,48,1
Maschio_977,95.7978876911554,44,1
Maschio_978,87.18982530033182,36,1
Maschio_979,128.7824500845777,23,1
Maschio_980,75.88131059776067,38,0
Maschio_981,125.07390498429855,59,1
Maschio_982,89.15196488168466,12,0
Maschio_983,132.50224023717695,67,0
Maschio_984,106.2920402321851,20,1
Maschio_985,94.1487337315238,17,1
Maschio_986,97.776563132,76,1
Maschio_987,106.52574826558656,10,0
Maschio_988,94.61942533065209,49,0
Maschio_989,112.04375435019547,10,1
Maschio_990,100.41315922218577,71,1
Maschio_991,93.09825273360158,10,0
Maschio_992,83.32492977567227,68,1
Maschio_993,112.7989463297423,39,1
Maschio_994,114.58230363627946,12,0
Maschio_995,116.09075884248219,39,0
Maschio_996,108.41097921072299,44,0
Maschio_997,96.11357957787293,71,0
Maschio_998,109.62852350374469,22,0
Maschio_999,115.38952634693119,67,1
Maschio_1000,124.87722109700502,72,1
Femmina_1,81.6161663456179,54,0
Femmina_2,70.67781080715378,44,0
Femmina_3,111.99221714675916,87,0
Femmina_4,114.53523312115915,55,0
Femmina_5,111.33153561902252,29,0
Femmina_6,120.11068899579325,13,1
Femmina_7,93.95480682361091,49,0
Femmina_8,90.57646016074564,10,1
Femmina_9,83.9561752538708,63,0
Femmina_10,100.97945050012306,71,0
Femmina_11,119.84651649464223,47,1
Femmina_12,102.7964934516391,83,1
Femmina_13,96.01721538701439,12,1
Femmina_14,98.21927474228563,55,0
Femmina_15,100.56300289671793,28,1
Femmina_16,82.04933991253542,41,0
Femmina_17,94.58634644302215,77,1
Femmina_18,100.02920478871114,55,0
Femmina_19,105.87293950998784,26,0
Femmina_20,80.37346844262198,63,1
Femmina_21,113.0818598622413,65,0
Femmina_22,100.44167330148733,46,0
Femmina_23,104.28530339426226,77,1
Femmina_24,120.0198810466209,15,0
Femmina_25,96.67635723733646,84,1
Femmina_26,91.1248875580222,45,0
Femmina_27,89.73305925125833,76,0
Femmina_28,99.23291362754769,63,1
Femmina_29,97.96864086657843,27,0
Femmina_30,79.69814635583265,31,1
Femmina_31,60.308476439782034,50,0
Femmina_32,103.49953667508744,37,1
Femmina_33,99.10232370665692,78,0
Femmina_34,107.475557163745,78,1
Femmina_35,100.55156413021248,47,1
Femmina_36,85.44657800656675,16,0
Femmina_37,104.30613128697406,83,0
Femmina_38,101.52078647280395,58,1
Femmina_39,98.1099542176368,86,1
Femmina_40,120.97775227746556,23,0
Femmina_41,94.52207861465261,70,0
Femmina_42,89.31298221591379,47,0
Femmina_43,72.65237030027711,61,1
Femmina_44,104.0784167308382,33,0
Femmina_45,86.2887533751543,51,0
Femmina_46,91.50811705350597,21,1
Femmina_47,96.61416596487938,84,1
Femmina_48,116.62304497181437,34,0
Femmina_49,108.29137873407448,69,1
Femmina_50,101.905055329102,61,1
Femmina_51,123.53232843949043,84,1
Femmina_52,109.58848891839959,30,1
Femmina_53,91.04370299010141,39,1
Femmina_54,125.7819584350419,79,0
Femmina_55,82.63716082307457,34,0
Femmina_56,101.87806896012225,40,1
Femmina_57,82.04409955435969,43,1
Femmina_58,109.44677711650274,84,0
Femmina_59,113.14888922351807,62,0
Femmina_60,106.73197784958674,11,1
Femmina_61,87.90110164971803,37,0
Femmina_62,106.94385826503994,50,1
Femmina_63,111.30724116364816,19,0
Femmina_64,94.75506933839226,10,0
Femmina_65,107.48167318985999,53,0
Femmina_66,126.07635360818097,83,0
Femmina_67,113.6477668622347,54,0
Femmina_68,108.13456035417512,53,1
Femmina_69,86.25658498555099,68,0
Femmina_70,102.23941357936077,63,0
Femmina_71,95.48670374003183,13,0
Femmina_72,96.8660571214638,11,0
Femmina_73,120.49847431198364,89,1
Femmina_74,88.17152998816431,49,0
Femmina_75,92.66625970903293,69,1
Femmina_76,94.04682546783349,48,0
Femmina_77,99.69122919221272,78,0
Femmina_78,109.14020326859848,84,0
Femmina_79,121.0138245526377,66,0
Femmina_80,114.8789842633554,59,1
Femmina_81,101.9765170164738,13,0
Femmina_82,75.91110846235836,81,1
Femmina_83,102.33391538562572,81,0
Femmina_84,100.1177851675024,60,1
Femmina_85,90.0975744723985,83,1
Femmina_86,100.76592996844784,39,0
Femmina_87,71.61324635525219,26,0
Femmina_88,90.92583434810773,52,0
Femmina_89,94.64779389948053,49,0
Femmina_90,99.36698521002113,74,0
Femmina_91,72.9895968859703,55,0
Femmina_92,87.79735233866641,71,0
Femmina_93,106.4036917625274,14,0
Femmina_94,95.55204150526144,76,1
Femmina_95,94.70270892197222,61,1
Femmina_96,121.55629758783617,66,1
Femmina_97,124.37967257826992,50,0
Femmina_98,97.44399601961517,32,0
Femmina_99,89.28291604613608,36,0
Femmina_100,92.31685885192934,48,0
Femmina_101,83.4687185110072,50,0
Femmina_102,71.05299202862173,40,0
Femmina_103,86.40408432012559,67,0
Femmina_104,100.98031813492175,14,0
Femmina_105,91.65369698155321,62,1
Femmina_106,127.05334363408008,23,0
Femmina_107,92.29453702353828,56,1
Femmina_108,104.89729099668607,46,0
Femmina_109,87.67911378584202,47,1
Femmina_110,134.3904156674161,67,1
Femmina_111,96.62006278190842,77,0
Femmina_112,112.47923979646993,75,1
Femmina_113,74.03528807377513,39,1
Femmina_114,115.86339795400076,24,1
Femmina_115,97.01860503230118,69,0
Femmina_116,95.19843168584742,78,1
Femmina_117,99.93042730115879,46,0
Femmina_118,138.03631844703804,34,0
Femmina_119,95.63946572921705,85,0
Femmina_120,83.48535908016767,18,1
Femmina_121,108.091990849186,87,0
Femmina_122,100.90275886347783,80,0
Femmina_123,117.51410763966814,63,1
Femmina_124,109.29655929463978,83,0
Femmina_125,110.0036561881263,37,0
Femmina_126,95.26677933382813,13,0
Femmina_127,108.17600032484147,82,1
Femmina_128,94.42147090537136,53,0
Femmina_129,84.51013955635175,33,0
Femmina_130,96.42842618030998,89,1
Femmina_131,68.60183215943115,23,1
Femmina_132,87.58859721371073,29,0
Femmina_133,105.04058502495471,39,1
Femmina_134,96.61423992793658,38,0
Femmina_135,112.29156978462701,42,0
Femmina_136,130.21721536149312,78,0
Femmina_137,117.41307464437601,85,0
Femmina_138,128.7372675040215,28,0
Femmina_139,126.35495157891714,15,1
Femmina_140,116.0674899472468,27,0
Femmina_141,104.64155947344219,78,1
Femmina_142,99.77214823428636,69,1
Femmina_143,79.88945981582563,17,1
Femmina_144,97.9966315711696,16,0
Femmina_145,74.87684379953265,25,0
Femmina_146,96.92886633899776,30,1
Femmina_147,105.57000612905256,39,1
Femmina_148,107.22813406895459,22,1
Femmina_149,125.57740102155037,64,1
Femmina_150,90.84730635566754,42,0
Femmina_151,111.0999561093639,76,0
Femmina_152,92.55945114426693,89,1
Femmina_153,52.822027430153256,35,1
Femmina_154,107.59399756156857,69,0
Femmina_155,88.09514949376474,20,0
Femmina_156,97.44196656559413,78,0
Femmina_157,116.2002482950038,63,0
Femmina_158,80.70197147580406,63,0
Femmina_159,93.95821674859496,21,1
Femmina_160,99.58339859411934,35,1
Femmina_161,97.49179732059521,64,0
Femmina_162,94.36111863605718,11,1
Femmina_163,96.47085143093719,18,0
Femmina_164,99.78181592085348,19,1
Femmina_165,88.14481318253561,27,0
Femmina_166,87.02779647155911,84,0
Femmina_167,76.60866415672695,78,1
Femmina_168,96.14383069455505,17,0
Femmina_169,56.011137806600175,50,0
Femmina_170,112.36530453883802,83,1
Femmina_171,132.96983431256535,33,1
Femmina_172,110.19163337165685,41,1
Femmina_173,96.64410694209141,89,1
Femmina_174,106.24969131524666,10,0
Femmina_175,104.03285782238295,12,1
Femmina_176,100.8235564235735,87,0
Femmina_177,106.2870295733193,45,0
Femmina_178,88.29074548496109,57,0
Femmina_179,114.69518882696374,86,1
Femmina_180,117.69073933077195,28,0
Femmina_181,86.73890390146674,39,0
Femmina_182,94.08886721629717,32,1
Femmina_183,109.90534885142017,42,1
Femmina_184,99.31845689194398,38,0
Femmina_185,113.50843780959664,68,0
Femmina_186,118.43734720638388,14,0
Femmina_187,105.4350972027619,53,0
Femmina_188,85.2915657426579,48,0
Femmina_189,111.72257205758598,21,1
Femmina_190,87.01674698644172,37,0
Femmina_191,115.08525083359596,53,1
Femmina_192,99.51285285744123,31,0
Femmina_193,103.31529964318018,16,1
Femmina_194,84.95482174406325,67,1
Femmina_195,85.81633203000759,43,0
Femmina_196,94.36972371482827,35,1
Femmina_197,111.29142610837357,32,1
Femmina_198,111.56608089425974,50,0
Femmina_199,91.37445030032029,13,0
Femmina_200,77.28207595086202,49,0
Femmina_201,96.27166075114175,15,0
Femmina_202,104.13074587493938,84,0
Femmina_203,89.06033562774506,41,1
Femmina_204,85.79442501031683,56,1
Femmina_205,111.4200265269298,65,1
Femmina_206,110.20431929807825,43,1
Femmina_207,110.48665202493515,46,1
Femmina_208,121.054547711876,21,0
Femmina_209,108.96198826906256,58,1
Femmina_210,76.41522981804866,87,0
Femmina_211,112.57181769474381,47,0
Femmina_212,102.69377285039681,37,0
Femmina_213,100.09759617216075,69,1
Femmina_214,124.90732759908796,55,0
Femmina_215,84.53250039728027,69,0
Femmina_216,108.8934830907873,88,0
Femmina_217,103.79683620339412,17,1
Femmina_218,95.41555519759102,47,0
Femmina_219,78.22526831490633,58,0
Femmina_220,77.12673276881482,52,1
Femmina_221,117.07153965291258,76,0
Femmina_222,79.57564399682582,69,0
Femmina_223,97.3541854752148,80,1
Femmina_224,96.14291668925969,50,0
Femmina_225,81.72567847482767,84,0
Femmina_226,106.74956015260486,15,0
Femmina_227,94.54728708181058,71,0
Femmina_228,126.97626708091462,29,1
Femmina_229,121.16003118061587,34,0
Femmina_230,102.66169150690858,41,0
Femmina_231,104.16933731194482,52,0
Femmina_232,94.33134577669043,67,1
Femmina_233,100.20929343812321,28,0
Femmina_234,93.89168841533619,43,0
Femmina_235,96.98670152821619,77,1
Femmina_236,88.06694069916234,66,1
Femmina_237,95.47967768747088,51,1
Femmina_238,100.03854620849225,55,1
Femmina_239,71.66702110447166,60,0
Femmina_240,108.65544158093026,19,0
Femmina_241,101.01789149021259,20,0
Femmina_242,102.60297834889953,85,0
Femmina_243,108.12867802582291,69,0
Femmina_244,119.0191894304846,78,1
Femmina_245,84.88499148274161,10,0
Femmina_246,88.46450978687923,36,0
Femmina_247,91.87298139637876,74,1
Femmina_248,92.45880338342948,62,0
Femmina_249,96.87937250787914,65,1
Femmina_250,110.88486807620818,10,1
Femmina_251,108.9348149617987,29,1
Femmina_252,107.81461690904383,15,1
Femmina_253,109.74877471659292,83,1
Femmina_254,108.47957673392119,17,1
Femmina_255,119.83172043671993,11,0
Femmina_256,88.97393966411158,59,0
Femmina_257,94.56904218411108,87,1
Femmina_258,76.40261130103504,30,0
Femmina_259,111.06914624041185,19,0
Femmina_260,109.22537782266032,43,0
Femmina_261,115.52563928529094,83,0
Femmina_262,88.59903367003702,44,1
Femmina_263,108.27383086908912,75,1
Femmina_264,102.76145840715225,69,1
Femmina_265,83.06584769111099,75,0
Femmina_266,98.64324664249001,30,0
Femmina_267,88.2100717696872,52,1
Femmina_268,112.30704559585685,68,1
Femmina_269,87.93404333701581,58,0
Femmina_270,120.90175234006308,11,1
Femmina_271,81.26963893783261,89,1
Femmina_272,82.69861100445735,66,0
Femmina_273,82.45986252240051,77,0
Femmina_274,111.52224109004433,65,1
Femmina_275,94.5366466853681,31,1
Femmina_276,80.99726088901541,33,0
Femmina_277,111.46821621651402,28,1
Femmina_278,114.59327898285706,40,0
Femmina_279,85.2533256708211,61,1
Femmina_280,126.16541797286862,31,1
Femmina_281,95.92088641414266,60,1
Femmina_282,96.39561213801402,36,1
Femmina_283,97.4887759282052,77,1
Femmina_284,113.90761536862678,14,0
Femmina_285,64.69405261998892,42,0
Femmina_286,132.5349639592694,24,1
Femmina_287,100.54124455918031,33,1
Femmina_288,111.4538891770572,72,1
Femmina_289,87.73403565130795,19,0
Femmina_290,110.29043946923933,33,1
Femmina_291,92.23927978126777,50,1
Femmina_292,102.35380527733808,74,0
Femmina_293,120.26080194058318,43,0
Femmina_294,89.73990442963184,86,1
Femmina_295,84.14365823946282,25,0
Femmina_296,75.05198844552147,54,1
Femmina_297,94.02403513270612,27,1
Femmina_298,96.66306786471873,47,0
Femmina_299,135.04024023443614,30,0
Femmina_300,116.83987920538291,28,1
Femmina_301,72.09944692987486,30,0
Femmina_302,108.55241433362684,36,1
Femmina_303,82.06282708191155,19,0
Femmina_304,55.44894990638497,33,1
Femmina_305,117.97336312177285,77,0
Femmina_306,85.42404237941219,19,0
Femmina_307,102.85157132498055,62,0
Femmina_308,64.68235789441863,15,1
Femmina_309,72.34830919488228,41,1
Femmina_310,103.72068592226755,15,1
Femmina_311,80.85311419777736,53,0
Femmina_312,99.70230722326677,39,1
Femmina_313,92.43815789385457,38,1
Femmina_314,94.09348185008854,64,1
Femmina_315,109.8344815494331,17,0
Femmina_316,88.79653655445188,52,0
Femmina_317,121.4340751061319,36,1
Femmina_318,119.62999214793221,45,1
Femmina_319,86.719248134,68,1
Femmina_320,102.70435832787116,59,0
Femmina_321,109.1478117809846,38,0
Femmina_322,103.05646325461925,87,0
Femmina_323,106.35750863873216,51,1
Femmina_324,83.30369721587229,45,0
Femmina_325,100.05929244978606,63,1
Femmina_326,95.94738432783709,21,1
Femmina_327,83.61951815283985,81,0
Femmina_328,88.83455530197182,55,1
Femmina_329,118.13895766712253,76,1
Femmina_330,103.03421545424969,36,0
Femmina_331,138.4872951412882,39,1
Femmina_332,118.98108008101458,26,1
Femmina_333,112.91177974968122,79,1
Femmina_334,112.9044722576763,75,1
Femmina_335,89.9887460577494,32,1
Femmina_336,85.02577213040553,73,0
Femmina_337,93.19999380092734,19,1
Femmina_338,89.08073202482211,75,1
Femmina_339,97.67128294649916,17,0
Femmina_340,107.1634088733701,75,0
Femmina_341,117.60886791291595,57,0
Femmina_342,95.22549724056054,66,0
Femmina_343,86.75439380577306,25,0
Femmina_344,82.27056091464385,88,1
Femmina_345,97.56993605533235,27,0
Femmina_346,93.21234683770246,76,0
Femmina_347,92.87795664909989,17,0
Femmina_348,104.32890427921932,28,1
Femmina_349,90.91528351139611,76,1
Femmina_350,99.87039122570994,85,0
Femmina_351,114.3368400612345,36,0
Femmina_352,106.863728534431,28,0
Femmina_353,128.44681452528124,82,1
Femmina_354,98.98466173308582,65,1
Femmina_355,93.85194683650751,47,1
Femmina_356,105.33374623774606,83,1
Femmina_357,82.03874055530184,44,1
Femmina_358,99.63301042588303,11,1
Femmina_359,99.65970892439557,62,0
Femmina_360,98.28649779355393,34,1
Femmina_361,101.86882672683566,81,0
Femmina_362,110.14219676894757,14,0
Femmina_363,123.68249815404647,37,1
Femmina_364,100.62152161127814,24,0
Femmina_365,68.16242712884761,42,0
Femmina_366,103.41635817378295,61,1
Femmina_367,115.56923474649837,20,1
Femmina_368,100.25737512441587,56,0
Femmina_369,106.99690527203427,70,1
Femmina_370,100.85445853535673,88,1
Femmina_371,104.8036878705856,66,0
Femmina_372,87.89045341380256,21,1
Femmina_373,96.93955944801885,79,1
Femmina_374,113.56716442334313,76,1
Femmina_375,97.3144152092196,63,1
Femmina_376,110.8665832090656,11,0
Femmina_377,94.44218766711751,68,0
Femmina_378,102.46110806956864,44,0
Femmina_379,114.40663891331853,79,1
Femmina_380,108.81162493707501,22,0
Femmina_381,70.1869069994073,62,0
Femmina_382,104.51306305071095,62,1
Femmina_383,107.63053313315876,23,1
Femmina_384,107.28912765531376,31,1
Femmina_385,115.70947445467344,11,0
Femmina_386,116.07307207797385,83,1
Femmina_387,70.73318303254646,24,0
Femmina_388,82.70387000675592,32,0
Femmina_389,115.20245194592493,14,0
Femmina_390,103.06573473804107,32,0
Femmina_391,126.08880767603043,20,1
Femmina_392,124.99779161256527,65,0
Femmina_393,113.49956890211479,54,1
Femmina_394,94.69238142718123,19,1
Femmina_395,105.5624238193685,31,0
Femmina_396,99.80695109191925,24,0
Femmina_397,101.74770311506224,82,1
Femmina_398,99.81392272455702,61,0
Femmina_399,114.25185666951297,17,0
Femmina_400,95.67929449918228,80,1
Femmina_401,122.22028614269013,59,1
Femmina_402,129.7547239569345,68,0
Femmina_403,123.74617587689815,33,0
Femmina_404,119.81176801588938,15,1
Femmina_405,125.77381255661109,16,1
Femmina_406,90.69757085028579,23,1
Femmina_407,91.04345888010778,34,1
Femmina_408,87.65623095080164,37,0
Femmina_409,110.27471116087983,80,1
Femmina_410,77.779147463042,25,0
Femmina_411,91.42121166392722,22,1
Femmina_412,110.96434925581025,52,0
Femmina_413,109.69285477141271,45,0
Femmina_414,90.78948566370025,84,1
Femmina_415,110.01612392630012,28,1
Femmina_416,95.33030152432276,81,1
Femmina_417,104.58724332748312,33,1
Femmina_418,97.0984485825269,30,0
Femmina_419,91.63977339645749,43,1
Femmina_420,120.7117601269353,19,0
Femmina_421,114.4293999885708,31,0
Femmina_422,103.6510447355348,29,1
Femmina_423,99.41791667672489,18,1
Femmina_424,113.85727712208897,28,0
Femmina_425,93.70275460702891,73,0
Femmina_426,108.78252033243969,49,1
Femmina_427,113.62294498633796,33,0
Femmina_428,109.40770336326062,77,1
Femmina_429,90.35360272282047,33,0
Femmina_430,84.31723004898376,39,0
Femmina_431,115.5149916442193,21,1
Femmina_432,104.63939983329442,74,0
Femmina_433,78.56155070200674,82,1
Femmina_434,96.76396047678922,58,0
Femmina_435,113.9136535222604,63,0
Femmina_436,100.11195812911961,42,1
Femmina_437,112.98328708522466,28,1
Femmina_438,104.12719568478929,30,0
Femmina_439,98.36740510493105,73,1
Femmina_440,105.92343710270785,56,1
Femmina_441,95.72150899835162,27,0
Femmina_442,77.24577607816184,70,1
Femmina_443,94.72410495149585,69,1
Femmina_444,101.27080462222692,52,0
Femmina_445,106.06409753527605,73,1
Femmina_446,99.33995456276735,32,0
Femmina_447,97.57652721264307,81,0
Femmina_448,110.37027368168323,63,0
Femmina_449,96.85062988547675,21,1
Femmina_450,71.93321099773812,83,1
Femmina_451,85.74278449561321,80,1
Femmina_452,103.32688849392177,31,1
Femmina_453,118.46513497123055,14,1
Femmina_454,107.52742629895717,40,0
Femmina_455,116.07731358435917,50,1
Femmina_456,103.02517439313021,30,1
Femmina_457,90.79735946002465,75,0
Femmina_458,125.19866582409077,36,1
Femmina_459,76.06734008021607,79,1
Femmina_460,97.9025688889178,30,1
Femmina_461,90.69739568098004,86,0
Femmina_462,101.32062661197311,29,0
Femmina_463,118.08930714669798,67,1
Femmina_464,90.2902306608712,16,1
Femmina_465,118.88786154263626,64,1
Femmina_466,107.36310985680257,55,1
Femmina_467,87.60276153461592,70,1
Femmina_468,97.35608895939457,79,1
Femmina_469,86.38258146434819,65,0
Femmina_470,103.22295111934719,38,1
Femmina_471,123.52581238031694,37,1
Femmina_472,87.71053587823694,79,0
Femmina_473,118.8988780621256,52,1
Femmina_474,94.44610848423149,65,0
Femmina_475,89.52146284045637,61,0
Femmina_476,94.79077821331843,85,1
Femmina_477,84.46543197796015,41,0
Femmina_478,78.41219147587154,33,1
Femmina_479,101.82830707679368,64,1
Femmina_480,119.97554979112836,22,0
Femmina_481,108.54586711132345,23,0
Femmina_482,96.13434504584171,67,1
Femmina_483,112.90675491494645,21,0
Femmina_484,88.63049166650248,12,0
Femmina_485,116.15109661263682,30,1
Femmina_486,113.01965484508406,18,1
Femmina_487,136.46189516420003,58,1
Femmina_488,89.01756916370749,45,0
Femmina_489,104.83511049053193,34,0
Femmina_490,97.80732042032487,63,1
Femmina_491,91.36375972640725,46,1
Femmina_492,99.02258823561627,28,0
Femmina_493,115.43595402202098,32,0
Femmina_494,136.51003467663213,44,0
Femmina_495,131.67874019352283,79,0
Femmina_496,77.02207406134123,12,0
Femmina_497,97.6645610329914,63,1
Femmina_498,76.91909691445576,31,0
Femmina_499,85.63204579768228,76,0
Femmina_500,108.66419884796284,23,0
Femmina_501,114.06537923773851,41,1
Femmina_502,108.25308202219689,66,0
Femmina_503,102.66629376466585,37,0
Femmina_504,118.06052023735398,27,1
Femmina_505,94.29315243846499,27,1
Femmina_506,90.62091456063627,69,1
Femmina_507,91.49229091288137,52,1
Femmina_508,86.69734511712166,63,0
Femmina_509,109.85200127660906,25,1
Femmina_510,80.37002445418753,89,0
Femmina_511,116.17119077070421,24,0
Femmina_512,101.47393442822049,71,0
Femmina_513,92.91643983389275,21,0
Femmina_514,89.11155046424408,54,1
Femmina_515,107.21068790719569,60,1
Femmina_516,108.932416292984,73,1
Femmina_517,99.546113468662,33,0
Femmina_518,99.39736592948341,35,1
Femmina_519,99.09203185818536,46,1
Femmina_520,115.48302080774071,59,0
Femmina_521,94.41571738709291,10,1
Femmina_522,119.96500108386887,46,1
Femmina_523,111.00647505124672,88,0
Femmina_524,113.86939539998372,10,0
Femmina_525,97.48687085051698,68,0
Femmina_526,100.15113582696083,50,0
Femmina_527,96.33137621072974,65,1
Femmina_528,98.41719552031256,61,1
Femmina_529,101.03419251826915,27,1
Femmina_530,96.47607860768105,55,1
Femmina_531,95.17898092478036,65,0
Femmina_532,59.85900021196246,42,0
Femmina_533,95.6097871412304,22,0
Femmina_534,106.96540277858695,58,1
Femmina_535,117.34806214295014,10,0
Femmina_536,99.84709004687858,10,1
Femmina_537,109.00625761144657,84,0
Femmina_538,113.45031121098927,60,1
Femmina_539,111.87056228368219,71,1
Femmina_540,89.91668516641316,53,0
Femmina_541,99.08213981081825,20,0
Femmina_542,121.55276999680812,29,1
Femmina_543,125.66439702346868,35,1
Femmina_544,76.09556002063978,83,0
Femmina_545,89.92669182615371,62,0
Femmina_546,93.60326229151588,42,1
Femmina_547,101.39742103958321,15,1
Femmina_548,125.34333261274713,71,1
Femmina_549,122.28306163863688,35,0
Femmina_550,113.87986200127182,13,1
Femmina_551,104.02218971263399,74,0
Femmina_552,87.15128888736352,29,0
Femmina_553,106.7795541424857,14,1
Femmina_554,83.92139100593118,65,0
Femmina_555,84.29664129962916,33,1
Femmina_556,91.84195388658871,38,1
Femmina_557,92.26466597450138,16,0
Femmina_558,121.96481098500102,73,1
Femmina_559,96.13443852140685,36,1
Femmina_560,106.43193997503481,80,1
Femmina_561,111.10990170210897,45,0
Femmina_562,91.80925975725825,41,1
Femmina_563,114.80497387900718,81,1
Femmina_564,98.5934359294705,21,0
Femmina_565,105.5573071994173,28,1
Femmina_566,102.54321690072209,66,1
Femmina_567,95.52696949056599,12,1
Femmina_568,83.038423975255,65,0
Femmina_569,73.95560038052766,71,0
Femmina_570,97.65933967817821,58,0
Femmina_571,95.75597632237663,47,1
Femmina_572,107.651176874021,61,0
Femmina_573,80.68024952490195,85,0
Femmina_574,114.29174587083159,39,0
Femmina_575,96.7056773509477,57,1
Femmina_576,91.83251168551446,61,1
Femmina_577,116.29280219758878,36,1
Femmina_578,110.34467917157968,63,0
Femmina_579,112.86978565290089,60,0
Femmina_580,100.96715547541746,12,0
Femmina_581,118.74536505452197,79,1
Femmina_582,108.35526035569126,24,0
Femmina_583,108.01597414980695,60,0
Femmina_584,87.49118721652046,72,0
Femmina_585,107.35626861710571,71,0
Femmina_586,84.25319142636874,34,1
Femmina_587,104.83467025466409,34,1
Femmina_588,85.98771525443169,22,0
Femmina_589,107.20546892585978,17,1
Femmina_590,107.09348659084225,49,0
Femmina_591,109.33718160793734,52,0
Femmina_592,94.3505377204005,25,0
Femmina_593,92.98322373910959,54,0
Femmina_594,94.79246312438775,47,0
Femmina_595,111.72822973411603,13,0
Femmina_596,84.16633810171197,63,1
Femmina_597,134.23519535075246,76,0
Femmina_598,100.44767590890781,18,0
Femmina_599,118.52501631648073,35,0
Femmina_600,95.74261709144226,14,0
Femmina_601,65.44530784056116,88,0
Femmina_602,88.25323413409977,15,1
Femmina_603,86.26106782529202,39,1
Femmina_604,125.778368965863,55,0
Femmina_605,83.28428517929629,50,1
Femmina_606,114.93767215747395,21,1
Femmina_607,87.18292726647769,47,0
Femmina_608,108.01546363053782,41,1
Femmina_609,106.72833270013138,54,0
Femmina_610,96.80766463359552,50,0
Femmina_611,103.74679691847882,67,1
Femmina_612,97.50566593247356,75,0
Femmina_613,97.15805469776004,16,1
Femmina_614,86.07309956166084,14,1
Femmina_615,90.42893468682149,54,0
Femmina_616,92.42228721385636,79,0
Femmina_617,111.54884001317566,64,1
Femmina_618,111.75839167501852,85,1
Femmina_619,96.40626797091696,51,1
Femmina_620,106.75383773253868,76,0
Femmina_621,99.21990646956498,49,0
Femmina_622,73.98793918815231,15,0
Femmina_623,86.88371898989917,47,1
Femmina_624,98.46810111943687,22,1
Femmina_625,93.74613402355612,31,0
Femmina_626,118.81311851466492,11,0
Femmina_627,81.46997199896795,12,1
Femmina_628,101.55055318419247,26,0
Femmina_629,112.95508817255516,18,1
Femmina_630,97.5101221859227,77,0
Femmina_631,64.18424897425183,73,0
Femmina_632,100.02074507649269,43,1
Femmina_633,92.05605289936145,47,1
Femmina_634,113.50550735495709,28,0
Femmina_635,83.77880235969832,53,0
Femmina_636,93.38228515932498,54,1
Femmina_637,133.82364906371635,54,0
Femmina_638,95.84372279867686,32,1
Femmina_639,71.45467961095265,20,1
Femmina_640,99.40647361849089,37,1
Femmina_641,107.12895133260207,84,0
Femmina_642,112.41511246355388,71,1
Femmina_643,111.78632427465682,22,0
Femmina_644,96.91524296058617,48,0
Femmina_645,123.43683837766021,69,0
Femmina_646,102.02925999785538,17,0
Femmina_647,102.62910622315795,59,1
Femmina_648,120.77411194157068,78,0
Femmina_649,94.38493549913952,42,1
Femmina_650,114.58753586909673,68,0
Femmina_651,105.7846183286013,88,0
Femmina_652,94.80050028053542,18,0
Femmina_653,117.23021738807333,41,1
Femmina_654,88.28713200689481,34,0
Femmina_655,119.3973134021749,62,0
Femmina_656,95.08057721618582,63,0
Femmina_657,103.8548464122594,81,0
Femmina_658,111.78743382940436,57,1
Femmina_659,102.34689830109231,83,1
Femmina_660,106.5061142701717,33,1
Femmina_661,123.1381270307359,62,0
Femmina_662,87.56315989085002,75,1
Femmina_663,123.94021711680604,39,0
Femmina_664,95.5999512400416,44,0
Femmina_665,91.76410422768504,71,0
Femmina_666,103.4648587825475,50,1
Femmina_667,114.36584180901376,16,0
Femmina_668,122.5762874915326,26,1
Femmina_669,112.72023364641448,28,1
Femmina_670,84.03674081981664,83,0
Femmina_671,90.13980863868461,17,1
Femmina_672,119.14314760004027,76,1
Femmina_673,84.42402539558597,61,0
Femmina_674,92.73438503303146,48,1
Femmina_675,81.59499297293988,10,1
Femmina_676,91.87679374806775,50,0
Femmina_677,103.19213287007508,16,1
Femmina_678,102.50330982770387,73,0
Femmina_679,90.4477695769881,61,1
Femmina_680,95.87002067310965,55,0
Femmina_681,71.80490642081449,84,1
Femmina_682,115.97464824272025,26,0
Femmina_683,86.93717151305948,86,1
Femmina_684,120.81528119114896,88,1
Femmina_685,89.90778191882575,72,1
Femmina_686,97.28627385400684,40,1
Femmina_687,137.43170160571214,39,1
Femmina_688,105.92056021423183,22,1
Femmina_689,96.31943156602695,10,1
Femmina_690,93.25125777269675,79,1
Femmina_691,118.34930636937538,72,0
Femmina_692,79.40149267016744,59,0
Femmina_693,116.22062811169178,26,1
Femmina_694,91.30749389214918,51,1
Femmina_695,105.49884943719978,21,0
Femmina_696,118.64284525583676,18,1
Femmina_697,112.29814011370658,35,0
Femmina_698,112.12697233463335,52,0
Femmina_699,101.26256089807671,64,0
Femmina_700,94.23887440205513,27,1
Femmina_701,112.17820706229816,69,0
Femmina_702,84.90560293544318,62,0
Femmina_703,84.12494297475195,71,0
Femmina_704,106.9644492194063,59,0
Femmina_705,97.82051297701317,43,0
Femmina_706,94.03591387068214,51,0
Femmina_707,107.97665929979395,20,0
Femmina_708,120.69955554376628,13,0
Femmina_709,97.22751691883921,65,0
Femmina_710,85.54142532907484,52,1
Femmina_711,126.14574799533031,61,0
Femmina_712,107.78251141612319,17,1
Femmina_713,85.20996588181936,26,1
Femmina_714,106.65703988580502,17,1
Femmina_715,87.6808431161121,17,0
Femmina_716,102.92250657248148,38,1
Femmina_717,79.2483202761318,67,0
Femmina_718,111.77543069657092,44,1
Femmina_719,107.97866578427906,45,0
Femmina_720,67.82163758185624,49,0
Femmina_721,107.999554525172,19,1
Femmina_722,93.76739706435053,66,1
Femmina_723,83.07065400353314,59,0
Femmina_724,110.9459122452873,47,0
Femmina_725,115.24725257777543,70,0
Femmina_726,108.72034757653488,11,1
Femmina_727,105.6591128560809,50,0
Femmina_728,90.80270806603963,66,1
Femmina_729,94.68984460590457,18,0
Femmina_730,113.19480332559333,46,0
Femmina_731,88.7640672197054,42,1
Femmina_732,117.1909469300475,32,0
Femmina_733,72.58768979002468,23,0
Femmina_734,95.86649663519728,47,1
Femmina_735,110.5548533761529,42,1
Femmina_736,99.67124193275929,84,0
Femmina_737,80.33791305983752,60,0
Femmina_738,81.77722177350991,26,1
Femmina_739,78.03563557660351,20,0
Femmina_740,105.29479845266594,48,0
Femmina_741,97.70306638323142,51,0
Femmina_742,110.37033571849886,24,1
Femmina_743,111.83949134705978,30,0
Femmina_744,119.03960863391012,37,0
Femmina_745,97.18123134009646,37,0
Femmina_746,92.30676224399282,37,1
Femmina_747,107.77398502815687,77,1
Femmina_748,121.41753559729803,77,0
Femmina_749,95.3725113138597,47,1
Femmina_750,109.17124302736681,89,0
Femmina_751,96.18244748135899,77,1
Femmina_752,89.68590164723244,36,0
Femmina_753,88.21220734539142,38,0
Femmina_754,85.73041694053853,36,0
Femmina_755,85.5765118817849,65,1
Femmina_756,87.95914435406944,62,0
Femmina_757,98.12620875354992,17,1
Femmina_758,93.90801316881506,74,1
Femmina_759,83.09634218374481,26,1
Femmina_760,116.88028755627944,35,0
Femmina_761,86.0203806038191,76,0
Femmina_762,121.36679568418333,58,1
Femmina_763,131.514740125682,26,0
Femmina_764,81.14783954055049,68,0
Femmina_765,107.2196930494081,25,0
Femmina_766,129.3958070247971,51,0
Femmina_767,97.92579444777182,49,0
Femmina_768,100.9727339813497,48,1
Femmina_769,79.05966626091926,66,0
Femmina_770,94.84708756558996,46,0
Femmina_771,104.59849283681649,26,1
Femmina_772,139.1531499060066,64,0
Femmina_773,129.29887690933157,22,0
Femmina_774,112.27258098774736,84,1
Femmina_775,116.95945470910057,52,1
Femmina_776,102.16607074839746,24,0
Femmina_777,106.71175022502601,20,0
Femmina_778,105.48387539105312,33,1
Femmina_779,96.33454430965257,23,0
Femmina_780,88.37046249500632,45,0
Femmina_781,89.21530793923131,14,0
Femmina_782,74.670812947037,38,0
Femmina_783,105.40016755800899,67,0
Femmina_784,121.60707429559677,78,1
Femmina_785,141.36198640284977,33,1
Femmina_786,107.76256551859765,33,0
Femmina_787,117.17526649149694,44,1
Femmina_788,97.54051580355271,76,0
Femmina_789,87.699132685055,17,0
Femmina_790,105.20291991270034,25,0
Femmina_791,111.10340035265172,51,0
Femmina_792,103.1261803922506,23,1
Femmina_793,96.25249533931819,82,1
Femmina_794,107.14748357547609,31,0
Femmina_795,88.62511192485992,23,1
Femmina_796,103.29123721180741,53,0
Femmina_797,102.85072164323772,40,0
Femmina_798,116.75584229210796,39,0
Femmina_799,97.4155753178671,55,1
Femmina_800,102.499348424162,78,1
Femmina_801,99.90466106596867,14,0
Femmina_802,120.3001361468899,11,0
Femmina_803,106.9372734713033,75,0
Femmina_804,85.75851926668032,68,0
Femmina_805,110.09331840432716,63,0
Femmina_806,68.3944113527165,79,0
Femmina_807,90.90101812859834,15,1
Femmina_808,94.66329630809486,49,0
Femmina_809,114.05117507009041,28,1
Femmina_810,80.05792715486216,47,0
Femmina_811,98.1443240480325,43,0
Femmina_812,90.1092956208052,70,1
Femmina_813,107.49669234363479,24,0
Femmina_814,110.06677467421748,81,0
Femmina_815,98.34842346991255,69,1
Femmina_816,92.91962031270695,58,0
Femmina_817,88.2913738255842,72,0
Femmina_818,82.9852407868461,74,1
Femmina_819,97.78538962224233,84,1
Femmina_820,99.6816912741149,42,0
Femmina_821,77.10364715320043,62,0
Femmina_822,117.55756547535651,80,1
Femmina_823,91.75849583669584,20,0
Femmina_824,125.00540556106066,13,0
Femmina_825,103.10376003424834,80,0
Femmina_826,107.8218338636309,39,0
Femmina_827,114.37084887800617,51,1
Femmina_828,130.07133229877743,61,0
Femmina_829,102.42402647377621,31,1
Femmina_830,112.2008394239363,34,0
Femmina_831,113.93891477591613,76,1
Femmina_832,117.0090845544192,33,0
Femmina_833,104.01720204007803,39,0
Femmina_834,106.3228698267828,74,0
Femmina_835,108.84718542271177,89,0
Femmina_836,102.50307383315021,30,0
Femmina_837,75.57017182630679,19,0
Femmina_838,105.96130518072513,64,1
Femmina_839,119.57028446024405,89,0
Femmina_840,97.8563881717771,13,1
Femmina_841,80.99017546301629,17,0
Femmina_842,107.88331531121302,38,1
Femmina_843,121.08008296120074,87,1
Femmina_844,86.6101414632892,41,0
Femmina_845,86.80644054650145,34,0
Femmina_846,83.03280776786441,76,0
Femmina_847,80.05298437439018,12,0
Femmina_848,110.08577342580253,52,0
Femmina_849,88.85725368970631,54,1
Femmina_850,138.38706651245195,43,0
Femmina_851,97.0635159622985,50,0
Femmina_852,122.80077674834297,56,0
Femmina_853,109.0686338934738,50,1
Femmina_854,100.46903737508065,29,0
Femmina_855,79.1024946294866,60,0
Femmina_856,130.07467747293552,76,1
Femmina_857,119.12842660004694,89,0
Femmina_858,129.67932354501818,59,0
Femmina_859,75.56582399686397,71,1
Femmina_860,94.84040944089696,71,0
Femmina_861,101.85444193825587,70,1
Femmina_862,106.45642710960311,31,0
Femmina_863,83.02559166291252,73,0
Femmina_864,103.02150011640369,58,0
Femmina_865,123.15865583177967,40,0
Femmina_866,135.72584393690042,26,0
Femmina_867,128.33374643209822,29,0
Femmina_868,108.46454789270837,74,1
Femmina_869,91.72176437436114,72,1
Femmina_870,103.30565586463052,68,0
Femmina_871,79.29439789243513,11,1
Femmina_872,109.83463007223033,10,1
Femmina_873,91.66160307686212,86,0
Femmina_874,99.44455612633442,80,0
Femmina_875,98.50073656821806,35,0
Femmina_876,86.12523631873823,41,1
Femmina_877,100.39688808596233,58,1
Femmina_878,84.20622226418058,14,1
Femmina_879,81.50056302992924,47,0
Femmina_880,113.60106997665922,85,1
Femmina_881,106.6710270195243,33,1
Femmina_882,127.63596521400461,40,1
Femmina_883,95.930914574741,15,1
Femmina_884,102.455970780394,26,1
Femmina_885,129.52922110254096,70,0
Femmina_886,97.50980570231661,25,1
Femmina_887,102.65392012192608,80,0
Femmina_888,96.50663513102633,16,1
Femmina_889,104.66678304296936,68,0
Femmina_890,80.95760962705964,22,0
Femmina_891,113.13509723582172,88,0
Femmina_892,116.6280118640415,80,0
Femmina_893,114.10568007962561,59,0
Femmina_894,131.7713912253767,53,0
Femmina_895,110.26598920201525,36,0
Femmina_896,96.54093066373537,64,0
Femmina_897,81.17144756225125,32,1
Femmina_898,118.842639748832,66,1
Femmina_899,84.44187359096729,50,0
Femmina_900,89.24940829035225,77,1
Femmina_901,103.50562163410791,78,0
Femmina_902,100.99366891691209,14,1
Femmina_903,100.24060373173975,77,1
Femmina_904,104.0067800947139,89,1
Femmina_905,97.26876732554388,70,1
Femmina_906,114.88085078491316,59,0
Femmina_907,101.36130967394344,54,1
Femmina_908,75.08192389468729,44,1
Femmina_909,89.80252378304382,40,0
Femmina_910,89.16738237194362,72,1
Femmina_911,109.40094940693051,21,1
Femmina_912,96.08019405301931,45,1
Femmina_913,125.33036940955543,54,1
Femmina_914,86.09807523518454,12,0
Femmina_915,121.09397478496929,77,0
Femmina_916,110.59348921124104,78,0
Femmina_917,123.4902855528132,15,0
Femmina_918,76.05319090234887,38,1
Femmina_919,103.90180577324666,72,1
Femmina_920,100.75597490404188,45,0
Femmina_921,92.31178155642253,61,1
Femmina_922,126.69124496657756,76,1
Femmina_923,94.42209240598581,25,0
Femmina_924,110.23696620410125,77,1
Femmina_925,85.04745847400432,74,1
Femmina_926,88.66270394273323,18,1
Femmina_927,129.0159283530565,20,0
Femmina_928,113.41375311454655,81,0
Femmina_929,102.52294467974464,82,1
Femmina_930,128.6466589967385,23,0
Femmina_931,79.94087565923736,60,1
Femmina_932,104.20768132556017,42,0
Femmina_933,115.63503116016481,13,1
Femmina_934,92.96423665425493,33,0
Femmina_935,104.11936918000538,32,0
Femmina_936,80.22296545333965,48,1
Femmina_937,87.85600902316567,47,1
Femmina_938,114.70364590455745,37,1
Femmina_939,113.84035094186535,56,0
Femmina_940,107.98099995619665,72,0
Femmina_941,108.25302705918897,23,1
Femmina_942,93.10007276113932,48,0
Femmina_943,110.02575058230865,61,1
Femmina_944,115.6742280317309,10,1
Femmina_945,109.18717981710773,35,1
Femmina_946,99.58121959565233,76,0
Femmina_947,103.80030033115077,62,1
Femmina_948,99.22280199264388,27,0
Femmina_949,78.85269001486992,81,0
Femmina_950,94.64924210453734,28,0
Femmina_951,97.15163066234551,64,0
Femmina_952,93.599501631724,85,0
Femmina_953,123.64827222308634,29,1
Femmina_954,82.40499569033867,23,0
Femmina_955,84.2814527805148,67,0
Femmina_956,111.0229048401072,21,0
Femmina_957,77.61384933500372,46,0
Femmina_958,100.18498820879195,77,0
Femmina_959,82.36539314721837,41,1
Femmina_960,99.59408623474896,39,0
Femmina_961,97.14280006116068,56,0
Femmina_962,102.80230495272079,84,1
Femmina_963,95.10215289569298,89,0
Femmina_964,96.7029841099301,33,1
Femmina_965,118.5389496506429,38,1
Femmina_966,85.21606478510408,21,1
Femmina_967,97.13529132860299,19,1
Femmina_968,102.86348576141123,85,1
Femmina_969,110.93199978361105,83,0
Femmina_970,95.21576092564895,26,1
Femmina_971,77.86308594654894,17,0
Femmina_972,89.8542033267708,59,1
Femmina_973,89.011307412042,56,0
Femmina_974,76.84239565241883,83,1
Femmina_975,103.8859358068825,16,1
Femmina_976,91.92917553888606,63,0
Femmina_977,93.89427696884412,51,1
Femmina_978,78.54687459069831,28,1
Femmina_979,84.30205167222715,12,1
Femmina_980,110.02063808400555,11,1
Femmina_981,119.10002613997119,71,1
Femmina_982,92.17010814542039,72,1
Femmina_983,83.31116947081875,16,1
Femmina_984,115.27657436664282,35,0
Femmina_985,108.44618780033834,73,1
Femmina_986,122.9668659187262,69,0
Femmina_987,112.39248324517483,15,1
Femmina_988,107.64626138123813,13,0
Femmina_989,115.99793618631193,11,0
Femmina_990,103.7810283874742,55,0
Femmina_991,134.06709632842828,24,0
Femmina_992,107.23164756911683,16,1
Femmina_993,88.04701767090035,18,0
Femmina_994,116.92905388787875,58,0
Femmina_995,129.09415826653535,36,1
Femmina_996,69.88760133469107,72,1
Femmina_997,83.66490771861679,88,1
Femmina_998,109.21189681820276,76,0
Femmina_999,110.84261519257825,42,1
Femmina_1000,87.84162762549732,18,1
