Nome_Maschi,QI_Maschi,Nome_Femmine,QI_Femmine
Maschio_1,92.62423863833129,Femmina_1,70.67781080715378
Maschio_2,95.79507418229133,Femmina_2,111.99221714675916
Maschio_3,108.99280244571608,Femmina_3,114.53523312115915
Maschio_4,104.98726354045309,Femmina_4,111.33153561902252
Maschio_5,95.74975807806854,Femmina_5,120.11068899579325
Maschio_6,119.2467530237945,Femmina_6,93.95480682361091
Maschio_7,94.06059358530294,Femmina_7,90.57646016074564
Maschio_8,91.81898688959778,Femmina_8,83.9561752538708
Maschio_9,98.44151014991417,Femmina_9,100.97945050012306
Maschio_10,100.148374965154,Femmina_10,119.84651649464223
Maschio_11,102.9274190180039,Femmina_11,102.7964934516391
Maschio_12,86.78836020956157,Femmina_12,96.01721538701439
Maschio_13,73.51059189265888,Femmina_13,98.21927474228563
Maschio_14,114.24722987950017,Femmina_14,100.56300289671793
Maschio_15,89.61504820692087,Femmina_15,82.04933991253542
Maschio_16,89.16598236147736,Femmina_16,94.58634644302215
Maschio_17,91.75697229287236,Femmina_17,100.02920478871114
Maschio_18,105.49047810280358,Femmina_18,105.87293950998784
Maschio_19,109.89626271614121,Femmina_19,80.37346844262198
Maschio_20,98.89681694992721,Femmina_20,113.0818598622413
Maschio_21,69.66833040583226,Femmina_21,100.44167330148733
Maschio_22,108.13165628454246,Femmina_22,104.28530339426226
Maschio_23,104.62500090819502,Femmina_23,120.0198810466209
Maschio_24,104.06937602354073,Femmina_24,96.67635723733646
Maschio_25,82.2138985844084,Femmina_25,91.1248875580222
Maschio_26,115.27401942283528,Femmina_26,89.73305925125833
Maschio_27,105.49883274717752,Femmina_27,99.23291362754769
Maschio_28,101.23280704103054,Femmina_28,97.96864086657843
Maschio_29,108.42326764475256,Femmina_29,79.69814635583265
Maschio_30,120.93128816651165,Femmina_30,60.308476439782034
Maschio_31,102.7645796175675,Femmina_31,103.49953667508744
Maschio_32,113.96654431287149,Femmina_32,99.10232370665692
Maschio_33,96.4139790796177,Femmina_33,107.475557163745
Maschio_34,93.9471523834333,Femmina_34,100.55156413021248
Maschio_35,98.04773282831638,Femmina_35,85.44657800656675
Maschio_36,93.82810296362719,Femmina_36,104.30613128697406
Maschio_37,125.22484811681753,Femmina_37,101.52078647280395
Maschio_38,96.5702216878924,Femmina_38,98.1099542176368
Maschio_39,100.33767217192137,Femmina_39,120.97775227746556
Maschio_40,89.20981807643017,Femmina_40,94.52207861465261
Maschio_41,82.12996608937817,Femmina_41,89.31298221591379
Maschio_42,104.06892378000067,Femmina_42,72.65237030027711
Maschio_43,106.85199812375502,Femmina_43,104.0784167308382
Maschio_44,100.10185531532167,Femmina_44,86.2887533751543
Maschio_45,90.83183768549483,Femmina_45,91.50811705350597
Maschio_46,76.54462713895627,Femmina_46,96.61416596487938
Maschio_47,87.42333180858752,Femmina_47,116.62304497181437
Maschio_48,91.43290432757699,Femmina_48,108.29137873407448
Maschio_49,78.21988200258401,Femmina_49,101.905055329102
Maschio_50,79.36974478458183,Femmina_50,123.53232843949043
Maschio_51,93.09016634403902,Femmina_51,109.58848891839959
Maschio_52,97.60038848895542,Femmina_52,91.04370299010141
Maschio_53,100.62751954349957,Femmina_53,125.7819584350419
Maschio_54,115.90725359032312,Femmina_54,82.63716082307457
Maschio_55,114.68722723243127,Femmina_55,101.87806896012225
Maschio_56,103.78919034608454,Femmina_56,82.04409955435969
Maschio_57,119.46785805813983,Femmina_57,109.44677711650274
Maschio_58,88.77568850823522,Femmina_58,113.14888922351807
Maschio_59,103.51979795156039,Femmina_59,106.73197784958674
Maschio_60,108.54178255450941,Femmina_60,87.90110164971803
Maschio_61,79.89264361807025,Femmina_61,106.94385826503994
Maschio_62,95.33558318925049,Femmina_62,111.30724116364816
Maschio_63,129.7957909501305,Femmina_63,94.75506933839226
Maschio_64,123.18809805761497,Femmina_64,107.48167318985999
Maschio_65,100.76368493816975,Femmina_65,126.07635360818097
Maschio_66,90.5347553040236,Femmina_66,113.6477668622347
Maschio_67,112.78250917453983,Femmina_67,108.13456035417512
Maschio_68,109.44390411938436,Femmina_68,86.25658498555099
Maschio_69,70.99210463359698,Femmina_69,102.23941357936077
Maschio_70,131.5340287489213,Femmina_70,95.48670374003183
Maschio_71,93.44739360248346,Femmina_71,96.8660571214638
Maschio_72,87.32265985909602,Femmina_72,120.49847431198364
Maschio_73,103.70760892066937,Femmina_73,88.17152998816431
Maschio_74,104.30190025049508,Femmina_74,92.66625970903293
Maschio_75,89.0701675653195,Femmina_75,94.04682546783349
Maschio_76,108.5858403342115,Femmina_76,99.69122919221272
Maschio_77,93.45064092542621,Femmina_77,109.14020326859848
Maschio_78,97.77434708721555,Femmina_78,121.0138245526377
Maschio_79,86.59132785974998,Femmina_79,114.8789842633554
Maschio_80,112.03249566019228,Femmina_80,101.9765170164738
Maschio_81,101.87424744838108,Femmina_81,75.91110846235836
Maschio_82,98.07552349817514,Femmina_82,102.33391538562572
Maschio_83,96.37096298104818,Femmina_83,100.1177851675024
Maschio_84,84.27257323025596,Femmina_84,90.0975744723985
Maschio_85,100.64585695522709,Femmina_85,100.76592996844784
Maschio_86,105.9253486605907,Femmina_86,71.61324635525219
Maschio_87,100.41238538679336,Femmina_87,90.92583434810773
Maschio_88,103.60014444581437,Femmina_88,94.64779389948053
Maschio_89,93.04269537588779,Femmina_89,99.36698521002113
Maschio_90,73.9079601821697,Femmina_90,72.9895968859703
Maschio_91,99.54901557337932,Femmina_91,87.79735233866641
Maschio_92,120.38875460912666,Femmina_92,106.4036917625274
Maschio_93,99.63955296106793,Femmina_93,95.55204150526144
Maschio_94,119.29104551693221,Femmina_94,94.70270892197222
Maschio_95,93.42530877769101,Femmina_95,121.55629758783617
Maschio_96,107.87466490144914,Femmina_96,124.37967257826992
Maschio_97,103.10820058453868,Femmina_97,97.44399601961517
Maschio_98,101.43377979814743,Femmina_98,89.28291604613608
Maschio_99,122.49270771339243,Femmina_99,92.31685885192934
Maschio_100,98.34658336344651,Femmina_100,83.4687185110072
Maschio_101,96.68594023591427,Femmina_101,71.05299202862173
Maschio_102,88.48879656444808,Femmina_102,86.40408432012559
Maschio_103,97.22686361787967,Femmina_103,100.98031813492175
Maschio_104,99.94329957507391,Femmina_104,91.65369698155321
Maschio_105,85.7046851161258,Femmina_105,127.05334363408008
Maschio_106,113.9862208708154,Femmina_106,92.29453702353828
Maschio_107,113.43910662577457,Femmina_107,104.89729099668607
Maschio_108,101.42053948651672,Femmina_108,87.67911378584202
Maschio_109,127.68172820566943,Femmina_109,134.3904156674161
Maschio_110,109.22354614567465,Femmina_110,96.62006278190842
Maschio_111,105.18170162924292,Femmina_111,112.47923979646993
Maschio_112,104.51145023217882,Femmina_112,74.03528807377513
Maschio_113,109.25067699801784,Femmina_113,115.86339795400076
Maschio_114,107.67573986478507,Femmina_114,97.01860503230118
Maschio_115,79.98341193897329,Femmina_115,95.19843168584742
Maschio_116,79.97317984446389,Femmina_116,99.93042730115879
Maschio_117,99.17361555010741,Femmina_117,138.03631844703804
Maschio_118,95.44433764280102,Femmina_118,95.63946572921705
Maschio_119,107.60385801234771,Femmina_119,83.48535908016767
Maschio_120,117.99793966408168,Femmina_120,108.091990849186
Maschio_121,107.37709016506963,Femmina_121,100.90275886347783
Maschio_122,104.4230546193826,Femmina_122,117.51410763966814
Maschio_123,113.33590906436257,Femmina_123,109.29655929463978
Maschio_124,104.44407532464687,Femmina_124,110.0036561881263
Maschio_125,102.95342580710168,Femmina_125,95.26677933382813
Maschio_126,72.58138772347895,Femmina_126,108.17600032484147
Maschio_127,91.12651043982487,Femmina_127,94.42147090537136
Maschio_128,113.46316920068278,Femmina_128,84.51013955635175
Maschio_129,91.2006060683373,Femmina_129,96.42842618030998
Maschio_130,115.70127226495444,Femmina_130,68.60183215943115
Maschio_131,129.412988861041,Femmina_131,87.58859721371073
Maschio_132,107.74174747160993,Femmina_132,105.04058502495471
Maschio_133,123.24616719836393,Femmina_133,96.61423992793658
Maschio_134,103.54296418735092,Femmina_134,112.29156978462701
Maschio_135,103.3599863318824,Femmina_135,130.21721536149312
Maschio_136,125.70651870148616,Femmina_136,117.41307464437601
Maschio_137,120.34322858920486,Femmina_137,128.7372675040215
Maschio_138,106.7490949472662,Femmina_138,126.35495157891714
Maschio_139,84.27990985994033,Femmina_139,116.0674899472468
Maschio_140,111.82904671611512,Femmina_140,104.64155947344219
Maschio_141,95.808156719136,Femmina_141,99.77214823428636
Maschio_142,112.12764060311845,Femmina_142,79.88945981582563
Maschio_143,82.77349152699735,Femmina_143,97.9966315711696
Maschio_144,91.10917525215261,Femmina_144,74.87684379953265
Maschio_145,84.98978519773596,Femmina_145,96.92886633899776
Maschio_146,121.81490373661207,Femmina_146,105.57000612905256
Maschio_147,113.77375103839462,Femmina_147,107.22813406895459
Maschio_148,91.09357613488754,Femmina_148,125.57740102155037
Maschio_149,90.84882094326096,Femmina_149,90.84730635566754
Maschio_150,112.33694266763717,Femmina_150,111.0999561093639
Maschio_151,88.5268775563282,Femmina_151,92.55945114426693
Maschio_152,79.31409689593981,Femmina_152,52.822027430153256
Maschio_153,111.98812320107996,Femmina_153,107.59399756156857
Maschio_154,94.3919949058929,Femmina_154,88.09514949376474
Maschio_155,123.81937832100252,Femmina_155,97.44196656559413
Maschio_156,125.99283759611556,Femmina_156,116.2002482950038
Maschio_157,87.66698727570682,Femmina_157,80.70197147580406
Maschio_158,107.55884530014546,Femmina_158,93.95821674859496
Maschio_159,107.96369387764537,Femmina_159,99.58339859411934
Maschio_160,101.77162330930862,Femmina_160,97.49179732059521
Maschio_161,93.49251812102624,Femmina_161,94.36111863605718
Maschio_162,105.08227032312125,Femmina_162,96.47085143093719
Maschio_163,96.86620133931544,Femmina_163,99.78181592085348
Maschio_164,124.89339048707116,Femmina_164,88.14481318253561
Maschio_165,78.04877677164876,Femmina_165,87.02779647155911
Maschio_166,89.54549405623332,Femmina_166,76.60866415672695
Maschio_167,122.74428882586396,Femmina_167,96.14383069455505
Maschio_168,111.73149116841417,Femmina_168,56.011137806600175
Maschio_169,84.88437060994525,Femmina_169,112.36530453883802
Maschio_170,98.08608727664254,Femmina_170,132.96983431256535
Maschio_171,102.40564328933853,Femmina_171,110.19163337165685
Maschio_172,82.93098681522665,Femmina_172,96.64410694209141
Maschio_173,123.20901279380323,Femmina_173,106.24969131524666
Maschio_174,100.1399583444071,Femmina_174,104.03285782238295
Maschio_175,107.44066624826279,Femmina_175,100.8235564235735
Maschio_176,111.98703345158086,Femmina_176,106.2870295733193
Maschio_177,81.8771854972542,Femmina_177,88.29074548496109
Maschio_178,91.37695156492765,Femmina_178,114.69518882696374
Maschio_179,72.21921746170537,Femmina_179,117.69073933077195
Maschio_180,101.15168156037203,Femmina_180,86.73890390146674
Maschio_181,101.95132652249333,Femmina_181,94.08886721629717
Maschio_182,104.57679336730128,Femmina_182,109.90534885142017
Maschio_183,131.94433055180076,Femmina_183,99.31845689194398
Maschio_184,92.81754222212133,Femmina_184,113.50843780959664
Maschio_185,98.08168673335265,Femmina_185,118.43734720638388
Maschio_186,95.68396492934684,Femmina_186,105.4350972027619
Maschio_187,86.27372730912018,Femmina_187,85.2915657426579
Maschio_188,93.48224705843064,Femmina_188,111.72257205758598
Maschio_189,119.3907716374789,Femmina_189,87.01674698644172
Maschio_190,87.13256331243628,Femmina_190,115.08525083359596
Maschio_191,93.39627310750342,Femmina_191,99.51285285744123
Maschio_192,119.77159102753382,Femmina_192,103.31529964318018
Maschio_193,70.27959199382553,Femmina_193,84.95482174406325
Maschio_194,86.66906365386127,Femmina_194,85.81633203000759
Maschio_195,120.90437548679523,Femmina_195,94.36972371482827
Maschio_196,125.52281563241411,Femmina_196,111.29142610837357
Maschio_197,116.97147212990585,Femmina_197,111.56608089425974
Maschio_198,100.85665453326172,Femmina_198,91.37445030032029
Maschio_199,113.28531275418182,Femmina_199,77.28207595086202
Maschio_200,93.4127032211315,Femmina_200,96.27166075114175
Maschio_201,110.41812702491588,Femmina_201,104.13074587493938
Maschio_202,101.32246368438679,Femmina_202,89.06033562774506
Maschio_203,102.90946596138187,Femmina_203,85.79442501031683
Maschio_204,99.3215958738918,Femmina_204,111.4200265269298
Maschio_205,128.64124259795167,Femmina_205,110.20431929807825
Maschio_206,101.73900364748226,Femmina_206,110.48665202493515
Maschio_207,115.77251931715747,Femmina_207,121.054547711876
Maschio_208,118.35742844177506,Femmina_208,108.96198826906256
Maschio_209,117.95141292784231,Femmina_209,76.41522981804866
Maschio_210,94.40696558005665,Femmina_210,112.57181769474381
Maschio_211,120.26644593041617,Femmina_211,102.69377285039681
Maschio_212,121.11684998785096,Femmina_212,100.09759617216075
Maschio_213,90.2069492118948,Femmina_213,124.90732759908796
Maschio_214,102.4143965031057,Femmina_214,84.53250039728027
Maschio_215,81.0539405248164,Femmina_215,108.8934830907873
Maschio_216,89.40458622121582,Femmina_216,103.79683620339412
Maschio_217,117.25428698047125,Femmina_217,95.41555519759102
Maschio_218,124.6244261945713,Femmina_218,78.22526831490633
Maschio_219,87.03753609535958,Femmina_219,77.12673276881482
Maschio_220,123.84049352847806,Femmina_220,117.07153965291258
Maschio_221,109.7262820103409,Femmina_221,79.57564399682582
Maschio_222,80.16476960663655,Femmina_222,97.3541854752148
Maschio_223,95.09648770248158,Femmina_223,96.14291668925969
Maschio_224,103.38365871970464,Femmina_224,81.72567847482767
Maschio_225,97.97993204545917,Femmina_225,106.74956015260486
Maschio_226,116.22322879726887,Femmina_226,94.54728708181058
Maschio_227,109.13353040998918,Femmina_227,126.97626708091462
Maschio_228,113.26923280452965,Femmina_228,121.16003118061587
Maschio_229,94.68616422771736,Femmina_229,102.66169150690858
Maschio_230,111.83926234769336,Femmina_230,104.16933731194482
Maschio_231,70.59699948950242,Femmina_231,94.33134577669043
Maschio_232,74.24971065607949,Femmina_232,100.20929343812321
Maschio_233,118.94787731851434,Femmina_233,93.89168841533619
Maschio_234,102.54585211522473,Femmina_234,96.98670152821619
Maschio_235,94.65305354055258,Femmina_235,88.06694069916234
Maschio_236,98.63217235621907,Femmina_236,95.47967768747088
Maschio_237,94.2344199915571,Femmina_237,100.03854620849225
Maschio_238,105.1626004436229,Femmina_238,71.66702110447166
Maschio_239,82.39264047005861,Femmina_239,108.65544158093026
Maschio_240,100.79557703624096,Femmina_240,101.01789149021259
Maschio_241,110.20459201800853,Femmina_241,102.60297834889953
Maschio_242,108.72981662810744,Femmina_242,108.12867802582291
Maschio_243,130.80528333968564,Femmina_243,119.0191894304846
Maschio_244,101.7329415285763,Femmina_244,84.88499148274161
Maschio_245,105.36460194600723,Femmina_245,88.46450978687923
Maschio_246,92.715262336483,Femmina_246,91.87298139637876
Maschio_247,100.19404208820367,Femmina_247,92.45880338342948
Maschio_248,75.69455965155382,Femmina_248,96.87937250787914
Maschio_249,108.96277581751727,Femmina_249,110.88486807620818
Maschio_250,93.34206138176052,Femmina_250,108.9348149617987
Maschio_251,99.65059391125186,Femmina_251,107.81461690904383
Maschio_252,107.20746672374291,Femmina_252,109.74877471659292
Maschio_253,104.05315110269146,Femmina_253,108.47957673392119
Maschio_254,95.89227196016161,Femmina_254,119.83172043671993
Maschio_255,91.99674983501093,Femmina_255,88.97393966411158
Maschio_256,117.7366903936714,Femmina_256,94.56904218411108
Maschio_257,106.09428357823255,Femmina_257,76.40261130103504
Maschio_258,99.03872562433878,Femmina_258,111.06914624041185
Maschio_259,112.8424144628036,Femmina_259,109.22537782266032
Maschio_260,97.63475845226199,Femmina_260,115.52563928529094
Maschio_261,92.49437787110125,Femmina_261,88.59903367003702
Maschio_262,97.21394128502979,Femmina_262,108.27383086908912
Maschio_263,89.12044066322788,Femmina_263,102.76145840715225
Maschio_264,106.47407030886282,Femmina_264,83.06584769111099
Maschio_265,98.06527334968435,Femmina_265,98.64324664249001
Maschio_266,106.97231577494941,Femmina_266,88.2100717696872
Maschio_267,85.05702149499353,Femmina_267,112.30704559585685
Maschio_268,87.5944530126191,Femmina_268,87.93404333701581
Maschio_269,111.60255601069566,Femmina_269,120.90175234006308
Maschio_270,92.23911934064256,Femmina_270,81.26963893783261
Maschio_271,92.39454792642474,Femmina_271,82.69861100445735
Maschio_272,85.12431344539847,Femmina_272,82.45986252240051
Maschio_273,77.4157270130047,Femmina_273,111.52224109004433
Maschio_274,102.01927269583058,Femmina_274,94.5366466853681
Maschio_275,112.97705750760464,Femmina_275,80.99726088901541
Maschio_276,110.28998729762134,Femmina_276,111.46821621651402
Maschio_277,106.80120094935579,Femmina_277,114.59327898285706
Maschio_278,93.21576935260919,Femmina_278,85.2533256708211
Maschio_279,109.00332574045878,Femmina_279,126.16541797286862
Maschio_280,89.41626331802881,Femmina_280,95.92088641414266
Maschio_281,108.61684323789902,Femmina_281,96.39561213801402
Maschio_282,130.3861748819841,Femmina_282,97.4887759282052
Maschio_283,112.75797420398186,Femmina_283,113.90761536862678
Maschio_284,120.03861043885013,Femmina_284,64.69405261998892
Maschio_285,95.0171810805092,Femmina_285,132.5349639592694
Maschio_286,106.61115000561182,Femmina_286,100.54124455918031
Maschio_287,116.03219508257925,Femmina_287,111.4538891770572
Maschio_288,109.20288586240692,Femmina_288,87.73403565130795
Maschio_289,111.30185306926963,Femmina_289,110.29043946923933
Maschio_290,92.87875928073717,Femmina_290,92.23927978126777
Maschio_291,129.44983714426115,Femmina_291,102.35380527733808
Maschio_292,118.03115944125057,Femmina_292,120.26080194058318
Maschio_293,106.65203654989926,Femmina_293,89.73990442963184
Maschio_294,103.39264771512197,Femmina_294,84.14365823946282
Maschio_295,75.39292254889034,Femmina_295,75.05198844552147
Maschio_296,83.1694950466206,Femmina_296,94.02403513270612
Maschio_297,130.0229458809903,Femmina_297,96.66306786471873
Maschio_298,89.07954823249364,Femmina_298,135.04024023443614
Maschio_299,113.36252523237441,Femmina_299,116.83987920538291
Maschio_300,126.98157078105268,Femmina_300,72.09944692987486
Maschio_301,93.4238271171881,Femmina_301,108.55241433362684
Maschio_302,109.61504127816612,Femmina_302,82.06282708191155
Maschio_303,112.36827947780172,Femmina_303,55.44894990638497
Maschio_304,80.62810765243559,Femmina_304,117.97336312177285
Maschio_305,81.68016919954584,Femmina_305,85.42404237941219
Maschio_306,75.33483060612946,Femmina_306,102.85157132498055
Maschio_307,90.83828722956609,Femmina_307,64.68235789441863
Maschio_308,95.70907881536769,Femmina_308,72.34830919488228
Maschio_309,85.55417953771808,Femmina_309,103.72068592226755
Maschio_310,99.44604054224607,Femmina_310,80.85311419777736
Maschio_311,113.92405096469335,Femmina_311,99.70230722326677
Maschio_312,83.44552509217462,Femmina_312,92.43815789385457
Maschio_313,113.19293996003736,Femmina_313,94.09348185008854
Maschio_314,111.43738567929411,Femmina_314,109.8344815494331
Maschio_315,107.06590912064269,Femmina_315,88.79653655445188
Maschio_316,111.94111409819779,Femmina_316,121.4340751061319
Maschio_317,84.75276066541694,Femmina_317,119.62999214793221
Maschio_318,99.58833803513892,Femmina_318,86.719248134
Maschio_319,77.97344944695654,Femmina_319,102.70435832787116
Maschio_320,102.88658866278303,Femmina_320,109.1478117809846
Maschio_321,89.88677588467202,Femmina_321,103.05646325461925
Maschio_322,121.21825880019453,Femmina_322,106.35750863873216
Maschio_323,73.45608544487425,Femmina_323,83.30369721587229
Maschio_324,100.86155065454216,Femmina_324,100.05929244978606
Maschio_325,97.64298250147434,Femmina_325,95.94738432783709
Maschio_326,116.60981988742076,Femmina_326,83.61951815283985
Maschio_327,108.69817102398301,Femmina_327,88.83455530197182
Maschio_328,85.87988335361794,Femmina_328,118.13895766712253
Maschio_329,92.06042645408758,Femmina_329,103.03421545424969
Maschio_330,98.94477016553854,Femmina_330,138.4872951412882
Maschio_331,123.35165537911156,Femmina_331,118.98108008101458
Maschio_332,100.78139020569004,Femmina_332,112.91177974968122
Maschio_333,65.1820813661273,Femmina_333,112.9044722576763
Maschio_334,107.10900553782919,Femmina_334,89.9887460577494
Maschio_335,101.82068059668195,Femmina_335,85.02577213040553
Maschio_336,105.22197181048885,Femmina_336,93.19999380092734
Maschio_337,107.96296771861161,Femmina_337,89.08073202482211
Maschio_338,89.82680001443067,Femmina_338,97.67128294649916
Maschio_339,117.59768790459,Femmina_339,107.1634088733701
Maschio_340,97.55809071363788,Femmina_340,117.60886791291595
Maschio_341,94.3485684897789,Femmina_341,95.22549724056054
Maschio_342,106.28358864140775,Femmina_342,86.75439380577306
Maschio_343,106.79918805620552,Femmina_343,82.27056091464385
Maschio_344,110.4777737304466,Femmina_344,97.56993605533235
Maschio_345,107.31481832010066,Femmina_345,93.21234683770246
Maschio_346,92.71269024308992,Femmina_346,92.87795664909989
Maschio_347,74.61532809746087,Femmina_347,104.32890427921932
Maschio_348,100.71164771853097,Femmina_348,90.91528351139611
Maschio_349,118.25146019320718,Femmina_349,99.87039122570994
Maschio_350,105.56873521744204,Femmina_350,114.3368400612345
Maschio_351,114.64439364754513,Femmina_351,106.863728534431
Maschio_352,129.3559119714319,Femmina_352,128.44681452528124
Maschio_353,131.82113903374656,Femmina_353,98.98466173308582
Maschio_354,105.9441652800364,Femmina_354,93.85194683650751
Maschio_355,95.96566290034987,Femmina_355,105.33374623774606
Maschio_356,106.49946248601451,Femmina_356,82.03874055530184
Maschio_357,100.3772893098967,Femmina_357,99.63301042588303
Maschio_358,96.74504997849714,Femmina_358,99.65970892439557
Maschio_359,89.3166782556938,Femmina_359,98.28649779355393
Maschio_360,116.27485678177788,Femmina_360,101.86882672683566
Maschio_361,106.28187069637872,Femmina_361,110.14219676894757
Maschio_362,95.33483796386054,Femmina_362,123.68249815404647
Maschio_363,102.54661569165926,Femmina_363,100.62152161127814
Maschio_364,95.22182803536893,Femmina_364,68.16242712884761
Maschio_365,111.28414388077533,Femmina_365,103.41635817378295
Maschio_366,105.13583215008472,Femmina_366,115.56923474649837
Maschio_367,94.28562733196796,Femmina_367,100.25737512441587
Maschio_368,117.03922191056348,Femmina_368,106.99690527203427
Maschio_369,96.49010383997991,Femmina_369,100.85445853535673
Maschio_370,114.23454500056047,Femmina_370,104.8036878705856
Maschio_371,81.20682606256055,Femmina_371,87.89045341380256
Maschio_372,112.48716420718651,Femmina_372,96.93955944801885
Maschio_373,126.42370640644862,Femmina_373,113.56716442334313
Maschio_374,107.00150084763699,Femmina_374,97.3144152092196
Maschio_375,103.72516842349735,Femmina_375,110.8665832090656
Maschio_376,84.41507068731546,Femmina_376,94.44218766711751
Maschio_377,101.64356745470636,Femmina_377,102.46110806956864
Maschio_378,92.34810929890452,Femmina_378,114.40663891331853
Maschio_379,109.58059585118971,Femmina_379,108.81162493707501
Maschio_380,100.69541869996782,Femmina_380,70.1869069994073
Maschio_381,128.42304107127492,Femmina_381,104.51306305071095
Maschio_382,66.37245640943263,Femmina_382,107.63053313315876
Maschio_383,101.81975186193529,Femmina_383,107.28912765531376
Maschio_384,94.3661199199798,Femmina_384,115.70947445467344
Maschio_385,109.02187298916388,Femmina_385,116.07307207797385
Maschio_386,96.22095196335984,Femmina_386,70.73318303254646
Maschio_387,112.2949159332725,Femmina_387,82.70387000675592
Maschio_388,91.62239080990184,Femmina_388,115.20245194592493
Maschio_389,77.36468298007327,Femmina_389,103.06573473804107
Maschio_390,102.36871030631933,Femmina_390,126.08880767603043
Maschio_391,101.5900959240179,Femmina_391,124.99779161256527
Maschio_392,91.05750853844049,Femmina_392,113.49956890211479
Maschio_393,102.51182005895214,Femmina_393,94.69238142718123
Maschio_394,86.78199866023066,Femmina_394,105.5624238193685
Maschio_395,133.92561104884098,Femmina_395,99.80695109191925
Maschio_396,102.59351185695247,Femmina_396,101.74770311506224
Maschio_397,117.15526251254842,Femmina_397,99.81392272455702
Maschio_398,91.43767078884488,Femmina_398,114.25185666951297
Maschio_399,102.94600856728132,Femmina_399,95.67929449918228
Maschio_400,94.33317191528536,Femmina_400,122.22028614269013
Maschio_401,90.37816595327212,Femmina_401,129.7547239569345
Maschio_402,71.53592297904802,Femmina_402,123.74617587689815
Maschio_403,116.74215202566148,Femmina_403,119.81176801588938
Maschio_404,108.63642307184433,Femmina_404,125.77381255661109
Maschio_405,111.96817756983346,Femmina_405,90.69757085028579
Maschio_406,73.27822570253521,Femmina_406,91.04345888010778
Maschio_407,101.96678049744595,Femmina_407,87.65623095080164
Maschio_408,102.51160271477139,Femmina_408,110.27471116087983
Maschio_409,113.70462721854312,Femmina_409,77.779147463042
Maschio_410,126.46552344079426,Femmina_410,91.42121166392722
Maschio_411,101.47561993221396,Femmina_411,110.96434925581025
Maschio_412,125.53679256206787,Femmina_412,109.69285477141271
Maschio_413,100.5809750937705,Femmina_413,90.78948566370025
Maschio_414,85.77645112004701,Femmina_414,110.01612392630012
Maschio_415,95.77350226297199,Femmina_415,95.33030152432276
Maschio_416,89.98220964852958,Femmina_416,104.58724332748312
Maschio_417,99.20297682091842,Femmina_417,97.0984485825269
Maschio_418,109.47298618981851,Femmina_418,91.63977339645749
Maschio_419,82.41882729796191,Femmina_419,120.7117601269353
Maschio_420,78.2560680989765,Femmina_420,114.4293999885708
Maschio_421,64.09549180867342,Femmina_421,103.6510447355348
Maschio_422,117.86378144807412,Femmina_422,99.41791667672489
Maschio_423,101.52337622543754,Femmina_423,113.85727712208897
Maschio_424,103.45235415125816,Femmina_424,93.70275460702891
Maschio_425,83.54526659034227,Femmina_425,108.78252033243969
Maschio_426,98.7537649358241,Femmina_426,113.62294498633796
Maschio_427,101.37270009010105,Femmina_427,109.40770336326062
Maschio_428,135.46228713624907,Femmina_428,90.35360272282047
Maschio_429,113.52150405857267,Femmina_429,84.31723004898376
Maschio_430,93.30880819984633,Femmina_430,115.5149916442193
Maschio_431,134.99507431179532,Femmina_431,104.63939983329442
Maschio_432,113.76402678985131,Femmina_432,78.56155070200674
Maschio_433,100.96387209542516,Femmina_433,96.76396047678922
Maschio_434,96.09548715538637,Femmina_434,113.9136535222604
Maschio_435,102.51678271395637,Femmina_435,100.11195812911961
Maschio_436,109.87134949258389,Femmina_436,112.98328708522466
Maschio_437,119.55330633164348,Femmina_437,104.12719568478929
Maschio_438,107.78854266714389,Femmina_438,98.36740510493105
Maschio_439,110.58136612657344,Femmina_439,105.92343710270785
Maschio_440,109.57155061538991,Femmina_440,95.72150899835162
Maschio_441,118.1999197146459,Femmina_441,77.24577607816184
Maschio_442,102.84713698292758,Femmina_442,94.72410495149585
Maschio_443,81.8608051165976,Femmina_443,101.27080462222692
Maschio_444,92.96765261516651,Femmina_444,106.06409753527605
Maschio_445,104.9966214981842,Femmina_445,99.33995456276735
Maschio_446,97.36992261947626,Femmina_446,97.57652721264307
Maschio_447,102.2607352278145,Femmina_447,110.37027368168323
Maschio_448,107.33428001910812,Femmina_448,96.85062988547675
Maschio_449,91.72053562965546,Femmina_449,71.93321099773812
Maschio_450,91.81730435803948,Femmina_450,85.74278449561321
Maschio_451,106.49801294197749,Femmina_451,103.32688849392177
Maschio_452,100.83239156120915,Femmina_452,118.46513497123055
Maschio_453,102.48775043502904,Femmina_453,107.52742629895717
Maschio_454,106.63705063388663,Femmina_454,116.07731358435917
Maschio_455,95.88644335323946,Femmina_455,103.02517439313021
Maschio_456,84.80564739127914,Femmina_456,90.79735946002465
Maschio_457,102.83121506726066,Femmina_457,125.19866582409077
Maschio_458,98.70938311152041,Femmina_458,76.06734008021607
Maschio_459,70.38040876770017,Femmina_459,97.9025688889178
Maschio_460,104.89682976298675,Femmina_460,90.69739568098004
Maschio_461,92.35632797415727,Femmina_461,101.32062661197311
Maschio_462,93.82765169369335,Femmina_462,118.08930714669798
Maschio_463,106.58429834222906,Femmina_463,90.2902306608712
Maschio_464,120.93562682943409,Femmina_464,118.88786154263626
Maschio_465,87.78551689584492,Femmina_465,107.36310985680257
Maschio_466,117.1711025462723,Femmina_466,87.60276153461592
Maschio_467,107.80967667373595,Femmina_467,97.35608895939457
Maschio_468,120.27953291122063,Femmina_468,86.38258146434819
Maschio_469,99.11265713112769,Femmina_469,103.22295111934719
Maschio_470,93.63359148337891,Femmina_470,123.52581238031694
Maschio_471,109.8036723903895,Femmina_471,87.71053587823694
Maschio_472,109.50150413464456,Femmina_472,118.8988780621256
Maschio_473,122.89116410364545,Femmina_473,94.44610848423149
Maschio_474,120.40562471638654,Femmina_474,89.52146284045637
Maschio_475,109.02588769890478,Femmina_475,94.79077821331843
Maschio_476,98.50958723874317,Femmina_476,84.46543197796015
Maschio_477,103.04700493247391,Femmina_477,78.41219147587154
Maschio_478,91.43443821732794,Femmina_478,101.82830707679368
Maschio_479,104.77652406577175,Femmina_479,119.97554979112836
Maschio_480,88.80681867053643,Femmina_480,108.54586711132345
Maschio_481,91.0715123534315,Femmina_481,96.13434504584171
Maschio_482,82.75618674375622,Femmina_482,112.90675491494645
Maschio_483,95.18263075476494,Femmina_483,88.63049166650248
Maschio_484,110.80735923195911,Femmina_484,116.15109661263682
Maschio_485,108.94922405205602,Femmina_485,113.01965484508406
Maschio_486,92.38748771706051,Femmina_486,136.46189516420003
Maschio_487,102.99357216528533,Femmina_487,89.01756916370749
Maschio_488,118.80528371202143,Femmina_488,104.83511049053193
Maschio_489,115.8527223161144,Femmina_489,97.80732042032487
Maschio_490,90.95391163892955,Femmina_490,91.36375972640725
Maschio_491,107.79233840081211,Femmina_491,99.02258823561627
Maschio_492,106.72181871197763,Femmina_492,115.43595402202098
Maschio_493,121.33649001881992,Femmina_493,136.51003467663213
Maschio_494,127.24527588121288,Femmina_494,131.67874019352283
Maschio_495,109.29363989758971,Femmina_495,77.02207406134123
Maschio_496,95.66617958791988,Femmina_496,97.6645610329914
Maschio_497,96.64787581918847,Femmina_497,76.91909691445576
Maschio_498,110.66434382124324,Femmina_498,85.63204579768228
Maschio_499,97.60978509052477,Femmina_499,108.66419884796284
Maschio_500,111.21669217264599,Femmina_500,114.06537923773851
Maschio_501,121.21105512950078,Femmina_501,108.25308202219689
Maschio_502,91.76199084449554,Femmina_502,102.66629376466585
Maschio_503,107.30072939068036,Femmina_503,118.06052023735398
Maschio_504,93.2358174180628,Femmina_504,94.29315243846499
Maschio_505,112.29328587829185,Femmina_505,90.62091456063627
Maschio_506,99.59582737314938,Femmina_506,91.49229091288137
Maschio_507,95.09714951790963,Femmina_507,86.69734511712166
Maschio_508,97.5627402818393,Femmina_508,109.85200127660906
Maschio_509,127.80411474250465,Femmina_509,80.37002445418753
Maschio_510,87.51606005550184,Femmina_510,116.17119077070421
Maschio_511,113.07093245673714,Femmina_511,101.47393442822049
Maschio_512,134.49713319331576,Femmina_512,92.91643983389275
Maschio_513,113.75283030254349,Femmina_513,89.11155046424408
Maschio_514,105.36055736640034,Femmina_514,107.21068790719569
Maschio_515,124.50890125100918,Femmina_515,108.932416292984
Maschio_516,107.14823794124145,Femmina_516,99.546113468662
Maschio_517,102.45913962935086,Femmina_517,99.39736592948341
Maschio_518,101.00928499339861,Femmina_518,99.09203185818536
Maschio_519,113.77427853004414,Femmina_519,115.48302080774071
Maschio_520,124.19431246494382,Femmina_520,94.41571738709291
Maschio_521,105.35130250211829,Femmina_521,119.96500108386887
Maschio_522,98.51548097980083,Femmina_522,111.00647505124672
Maschio_523,109.25181890122316,Femmina_523,113.86939539998372
Maschio_524,97.25508287844018,Femmina_524,97.48687085051698
Maschio_525,118.81985664658691,Femmina_525,100.15113582696083
Maschio_526,94.7472031273417,Femmina_526,96.33137621072974
Maschio_527,99.9837989339123,Femmina_527,98.41719552031256
Maschio_528,91.50681372807705,Femmina_528,101.03419251826915
Maschio_529,99.95326149476823,Femmina_529,96.47607860768105
Maschio_530,100.58547935614139,Femmina_530,95.17898092478036
Maschio_531,85.38876182826996,Femmina_531,59.85900021196246
Maschio_532,87.5858518757653,Femmina_532,95.6097871412304
Maschio_533,127.90811306286469,Femmina_533,106.96540277858695
Maschio_534,97.78308450822742,Femmina_534,117.34806214295014
Maschio_535,77.19894237736257,Femmina_535,99.84709004687858
Maschio_536,125.7643713918571,Femmina_536,109.00625761144657
Maschio_537,99.22320016785284,Femmina_537,113.45031121098927
Maschio_538,87.32711156446034,Femmina_538,111.87056228368219
Maschio_539,101.82282769783441,Femmina_539,89.91668516641316
Maschio_540,81.93200253747612,Femmina_540,99.08213981081825
Maschio_541,112.62458588355778,Femmina_541,121.55276999680812
Maschio_542,130.3247267429412,Femmina_542,125.66439702346868
Maschio_543,106.48441934417436,Femmina_543,76.09556002063978
Maschio_544,90.72909027298344,Femmina_544,89.92669182615371
Maschio_545,85.24686703466952,Femmina_545,93.60326229151588
Maschio_546,109.8207110639748,Femmina_546,101.39742103958321
Maschio_547,112.9700072349251,Femmina_547,125.34333261274713
Maschio_548,97.93640048460847,Femmina_548,122.28306163863688
Maschio_549,99.99885010844062,Femmina_549,113.87986200127182
Maschio_550,107.40506551306535,Femmina_550,104.02218971263399
Maschio_551,114.10395714321689,Femmina_551,87.15128888736352
Maschio_552,100.46880582050015,Femmina_552,106.7795541424857
Maschio_553,99.6651814648423,Femmina_553,83.92139100593118
Maschio_554,105.45086639056325,Femmina_554,84.29664129962916
Maschio_555,106.05060865078934,Femmina_555,91.84195388658871
Maschio_556,107.27605306770205,Femmina_556,92.26466597450138
Maschio_557,91.45588434654563,Femmina_557,121.96481098500102
Maschio_558,114.50505913244709,Femmina_558,96.13443852140685
Maschio_559,72.18109428086139,Femmina_559,106.43193997503481
Maschio_560,119.6236280817379,Femmina_560,111.10990170210897
Maschio_561,113.32804212604955,Femmina_561,91.80925975725825
Maschio_562,138.17988373826125,Femmina_562,114.80497387900718
Maschio_563,97.3879412440406,Femmina_563,98.5934359294705
Maschio_564,109.12726855335717,Femmina_564,105.5573071994173
Maschio_565,86.31393279246038,Femmina_565,102.54321690072209
Maschio_566,100.29654403440956,Femmina_566,95.52696949056599
Maschio_567,99.19661349064995,Femmina_567,83.038423975255
Maschio_568,91.6352607919678,Femmina_568,73.95560038052766
Maschio_569,86.95954276360696,Femmina_569,97.65933967817821
Maschio_570,106.11947945114858,Femmina_570,95.75597632237663
Maschio_571,106.72647258471574,Femmina_571,107.651176874021
Maschio_572,135.22497853621144,Femmina_572,80.68024952490195
Maschio_573,116.74853760506774,Femmina_573,114.29174587083159
Maschio_574,104.54071639164344,Femmina_574,96.7056773509477
Maschio_575,105.36792249081736,Femmina_575,91.83251168551446
Maschio_576,81.08719320838688,Femmina_576,116.29280219758878
Maschio_577,93.86254809862348,Femmina_577,110.34467917157968
Maschio_578,109.31917642112501,Femmina_578,112.86978565290089
Maschio_579,112.9729282782053,Femmina_579,100.96715547541746
Maschio_580,94.78304059491312,Femmina_580,118.74536505452197
Maschio_581,102.44515896652214,Femmina_581,108.35526035569126
Maschio_582,115.60428264439682,Femmina_582,108.01597414980695
Maschio_583,106.3966994725402,Femmina_583,87.49118721652046
Maschio_584,99.87092696529915,Femmina_584,107.35626861710571
Maschio_585,122.68576362716226,Femmina_585,84.25319142636874
Maschio_586,111.58237255576854,Femmina_586,104.83467025466409
Maschio_587,79.46914268607209,Femmina_587,85.98771525443169
Maschio_588,137.5118843216276,Femmina_588,107.20546892585978
Maschio_589,110.91398266877212,Femmina_589,107.09348659084225
Maschio_590,93.82280799866349,Femmina_590,109.33718160793734
Maschio_591,102.34815516783141,Femmina_591,94.3505377204005
Maschio_592,134.12639233976404,Femmina_592,92.98322373910959
Maschio_593,116.68254401058022,Femmina_593,94.79246312438775
Maschio_594,40.88853385905204,Femmina_594,111.72822973411603
Maschio_595,111.13026402441653,Femmina_595,84.16633810171197
Maschio_596,113.3379252991249,Femmina_596,134.23519535075246
Maschio_597,87.51335484538373,Femmina_597,100.44767590890781
Maschio_598,110.56641592611895,Femmina_598,118.52501631648073
Maschio_599,108.65884816930534,Femmina_599,95.74261709144226
Maschio_600,110.92528381301798,Femmina_600,65.44530784056116
Maschio_601,98.55675657569117,Femmina_601,88.25323413409977
Maschio_602,92.08764891630027,Femmina_602,86.26106782529202
Maschio_603,109.75267309977797,Femmina_603,125.778368965863
Maschio_604,80.3748130993308,Femmina_604,83.28428517929629
Maschio_605,114.15929315132544,Femmina_605,114.93767215747395
Maschio_606,93.01377461702157,Femmina_606,87.18292726647769
Maschio_607,102.09364442299436,Femmina_607,108.01546363053782
Maschio_608,105.53635375222322,Femmina_608,106.72833270013138
Maschio_609,87.92437249889392,Femmina_609,96.80766463359552
Maschio_610,112.45059638516224,Femmina_610,103.74679691847882
Maschio_611,88.92047680489831,Femmina_611,97.50566593247356
Maschio_612,89.83550937758974,Femmina_612,97.15805469776004
Maschio_613,88.32851190192243,Femmina_613,86.07309956166084
Maschio_614,100.51547708471593,Femmina_614,90.42893468682149
Maschio_615,95.93071903890741,Femmina_615,92.42228721385636
Maschio_616,92.12901364509283,Femmina_616,111.54884001317566
Maschio_617,92.21144960688397,Femmina_617,111.75839167501852
Maschio_618,82.26944501156794,Femmina_618,96.40626797091696
Maschio_619,98.06950170630725,Femmina_619,106.75383773253868
Maschio_620,111.65756462350622,Femmina_620,99.21990646956498
Maschio_621,77.93421495213639,Femmina_621,73.98793918815231
Maschio_622,107.25272349193791,Femmina_622,86.88371898989917
Maschio_623,115.94044944267571,Femmina_623,98.46810111943687
Maschio_624,75.82775202273383,Femmina_624,93.74613402355612
Maschio_625,124.3445652900511,Femmina_625,118.81311851466492
Maschio_626,99.36968021219897,Femmina_626,81.46997199896795
Maschio_627,90.13602430096255,Femmina_627,101.55055318419247
Maschio_628,105.10597683729345,Femmina_628,112.95508817255516
Maschio_629,92.71617064845225,Femmina_629,97.5101221859227
Maschio_630,100.35460358336546,Femmina_630,64.18424897425183
Maschio_631,81.56241593055282,Femmina_631,100.02074507649269
Maschio_632,136.38261789326614,Femmina_632,92.05605289936145
Maschio_633,128.83447434529202,Femmina_633,113.50550735495709
Maschio_634,67.60139075616695,Femmina_634,83.77880235969832
Maschio_635,117.14705216868029,Femmina_635,93.38228515932498
Maschio_636,104.65303886397356,Femmina_636,133.82364906371635
Maschio_637,116.47901971346236,Femmina_637,95.84372279867686
Maschio_638,97.63187063052716,Femmina_638,71.45467961095265
Maschio_639,97.23090210487918,Femmina_639,99.40647361849089
Maschio_640,112.95982035430727,Femmina_640,107.12895133260207
Maschio_641,111.94164833334112,Femmina_641,112.41511246355388
Maschio_642,103.11433512919037,Femmina_642,111.78632427465682
Maschio_643,88.43640432710689,Femmina_643,96.91524296058617
Maschio_644,111.05434297755444,Femmina_644,123.43683837766021
Maschio_645,125.98800814591698,Femmina_645,102.02925999785538
Maschio_646,102.58554160288062,Femmina_646,102.62910622315795
Maschio_647,102.69578242071611,Femmina_647,120.77411194157068
Maschio_648,72.07651902766682,Femmina_648,94.38493549913952
Maschio_649,94.72619042815295,Femmina_649,114.58753586909673
Maschio_650,94.3059927348897,Femmina_650,105.7846183286013
Maschio_651,105.54938023543326,Femmina_651,94.80050028053542
Maschio_652,108.73882152381174,Femmina_652,117.23021738807333
Maschio_653,77.57494435674937,Femmina_653,88.28713200689481
Maschio_654,100.04032404930349,Femmina_654,119.3973134021749
Maschio_655,86.21343443955402,Femmina_655,95.08057721618582
Maschio_656,100.71385761071231,Femmina_656,103.8548464122594
Maschio_657,101.48909503879145,Femmina_657,111.78743382940436
Maschio_658,91.8068196561519,Femmina_658,102.34689830109231
Maschio_659,91.84473003483312,Femmina_659,106.5061142701717
Maschio_660,104.10888488410471,Femmina_660,123.1381270307359
Maschio_661,99.07330473606332,Femmina_661,87.56315989085002
Maschio_662,123.08492344240426,Femmina_662,123.94021711680604
Maschio_663,94.32849724967602,Femmina_663,95.5999512400416
Maschio_664,120.47985803557438,Femmina_664,91.76410422768504
Maschio_665,76.16643378872573,Femmina_665,103.4648587825475
Maschio_666,85.10566790769748,Femmina_666,114.36584180901376
Maschio_667,100.90924365955162,Femmina_667,122.5762874915326
Maschio_668,104.11338471297066,Femmina_668,112.72023364641448
Maschio_669,129.2814178511265,Femmina_669,84.03674081981664
Maschio_670,88.08763845844551,Femmina_670,90.13980863868461
Maschio_671,115.75564984415955,Femmina_671,119.14314760004027
Maschio_672,114.35527298071963,Femmina_672,84.42402539558597
Maschio_673,72.66058161665828,Femmina_673,92.73438503303146
Maschio_674,108.61312803742372,Femmina_674,81.59499297293988
Maschio_675,109.19217363106613,Femmina_675,91.87679374806775
Maschio_676,104.80409241583027,Femmina_676,103.19213287007508
Maschio_677,106.86534782681437,Femmina_677,102.50330982770387
Maschio_678,116.33145132604045,Femmina_678,90.4477695769881
Maschio_679,95.99491279287425,Femmina_679,95.87002067310965
Maschio_680,109.6837299050969,Femmina_680,71.80490642081449
Maschio_681,115.59320526683705,Femmina_681,115.97464824272025
Maschio_682,81.03287462751116,Femmina_682,86.93717151305948
Maschio_683,70.73504335620599,Femmina_683,120.81528119114896
Maschio_684,88.06617520051935,Femmina_684,89.90778191882575
Maschio_685,102.7708031312825,Femmina_685,97.28627385400684
Maschio_686,109.30930176581549,Femmina_686,137.43170160571214
Maschio_687,85.51613663964821,Femmina_687,105.92056021423183
Maschio_688,111.9956515880956,Femmina_688,96.31943156602695
Maschio_689,111.65264926718176,Femmina_689,93.25125777269675
Maschio_690,91.77024115799512,Femmina_690,118.34930636937538
Maschio_691,103.28502418392702,Femmina_691,79.40149267016744
Maschio_692,95.55212356525946,Femmina_692,116.22062811169178
Maschio_693,122.6976280833983,Femmina_693,91.30749389214918
Maschio_694,124.30648014252148,Femmina_694,105.49884943719978
Maschio_695,110.92282510455463,Femmina_695,118.64284525583676
Maschio_696,94.225256836846,Femmina_696,112.29814011370658
Maschio_697,126.06143290216907,Femmina_697,112.12697233463335
Maschio_698,102.62673970138758,Femmina_698,101.26256089807671
Maschio_699,117.97200029674973,Femmina_699,94.23887440205513
Maschio_700,108.876510254745,Femmina_700,112.17820706229816
Maschio_701,120.08129470336534,Femmina_701,84.90560293544318
Maschio_702,119.64563860915965,Femmina_702,84.12494297475195
Maschio_703,89.64967763220116,Femmina_703,106.9644492194063
Maschio_704,121.48209946426465,Femmina_704,97.82051297701317
Maschio_705,118.51037061747131,Femmina_705,94.03591387068214
Maschio_706,87.49939246518187,Femmina_706,107.97665929979395
Maschio_707,96.90773071784734,Femmina_707,120.69955554376628
Maschio_708,83.4922600871901,Femmina_708,97.22751691883921
Maschio_709,117.62207079684165,Femmina_709,85.54142532907484
Maschio_710,108.17664228360681,Femmina_710,126.14574799533031
Maschio_711,89.32947130771734,Femmina_711,107.78251141612319
Maschio_712,122.68574964663541,Femmina_712,85.20996588181936
Maschio_713,104.51659554349999,Femmina_713,106.65703988580502
Maschio_714,100.1110125391446,Femmina_714,87.6808431161121
Maschio_715,96.01353955890721,Femmina_715,102.92250657248148
Maschio_716,89.73647594471713,Femmina_716,79.2483202761318
Maschio_717,115.68479133517641,Femmina_717,111.77543069657092
Maschio_718,104.14634823722847,Femmina_718,107.97866578427906
Maschio_719,101.10170244870945,Femmina_719,67.82163758185624
Maschio_720,123.86991954203596,Femmina_720,107.999554525172
Maschio_721,109.20178589847657,Femmina_721,93.76739706435053
Maschio_722,111.71227487430922,Femmina_722,83.07065400353314
Maschio_723,111.62110259093598,Femmina_723,110.9459122452873
Maschio_724,113.2511866130205,Femmina_724,115.24725257777543
Maschio_725,107.64007244524088,Femmina_725,108.72034757653488
Maschio_726,94.88613284980886,Femmina_726,105.6591128560809
Maschio_727,121.24473910440119,Femmina_727,90.80270806603963
Maschio_728,126.0904127423328,Femmina_728,94.68984460590457
Maschio_729,133.6972464759476,Femmina_729,113.19480332559333
Maschio_730,116.51288184242419,Femmina_730,88.7640672197054
Maschio_731,108.38800927151304,Femmina_731,117.1909469300475
Maschio_732,95.44059090596214,Femmina_732,72.58768979002468
Maschio_733,104.13451046320432,Femmina_733,95.86649663519728
Maschio_734,114.5284334039649,Femmina_734,110.5548533761529
Maschio_735,126.52829446251073,Femmina_735,99.67124193275929
Maschio_736,98.46362717712215,Femmina_736,80.33791305983752
Maschio_737,87.2680359918994,Femmina_737,81.77722177350991
Maschio_738,104.57016248453907,Femmina_738,78.03563557660351
Maschio_739,90.24463603361109,Femmina_739,105.29479845266594
Maschio_740,84.14203855917839,Femmina_740,97.70306638323142
Maschio_741,110.70229066569154,Femmina_741,110.37033571849886
Maschio_742,126.32344623588506,Femmina_742,111.83949134705978
Maschio_743,124.58646800489906,Femmina_743,119.03960863391012
Maschio_744,105.69279240922219,Femmina_744,97.18123134009646
Maschio_745,92.60486783503984,Femmina_745,92.30676224399282
Maschio_746,106.70822131152198,Femmina_746,107.77398502815687
Maschio_747,109.11076216597691,Femmina_747,121.41753559729803
Maschio_748,85.05038185993419,Femmina_748,95.3725113138597
Maschio_749,125.78822828578872,Femmina_749,109.17124302736681
Maschio_750,85.72851367428825,Femmina_750,96.18244748135899
Maschio_751,93.51856329396989,Femmina_751,89.68590164723244
Maschio_752,98.75095123100039,Femmina_752,88.21220734539142
Maschio_753,106.64845881014709,Femmina_753,85.73041694053853
Maschio_754,103.69529106391879,Femmina_754,85.5765118817849
Maschio_755,97.15588917172549,Femmina_755,87.95914435406944
Maschio_756,124.93672970248609,Femmina_756,98.12620875354992
Maschio_757,93.47796695969822,Femmina_757,93.90801316881506
Maschio_758,112.27932999670765,Femmina_758,83.09634218374481
Maschio_759,115.19648290931677,Femmina_759,116.88028755627944
Maschio_760,97.70060437222855,Femmina_760,86.0203806038191
Maschio_761,99.64215577025706,Femmina_761,121.36679568418333
Maschio_762,115.90130508112922,Femmina_762,131.514740125682
Maschio_763,111.88453558528407,Femmina_763,81.14783954055049
Maschio_764,102.71939402275926,Femmina_764,107.2196930494081
Maschio_765,116.34196640291542,Femmina_765,129.3958070247971
Maschio_766,118.24864779968966,Femmina_766,97.92579444777182
Maschio_767,93.57234012296115,Femmina_767,100.9727339813497
Maschio_768,94.95165441351004,Femmina_768,79.05966626091926
Maschio_769,90.8959735663697,Femmina_769,94.84708756558996
Maschio_770,129.74178111509764,Femmina_770,104.59849283681649
Maschio_771,123.3773303715022,Femmina_771,139.1531499060066
Maschio_772,122.87450178840433,Femmina_772,129.29887690933157
Maschio_773,92.10343066950625,Femmina_773,112.27258098774736
Maschio_774,94.25910481944891,Femmina_774,116.95945470910057
Maschio_775,112.69851220884948,Femmina_775,102.16607074839746
Maschio_776,86.2465447365738,Femmina_776,106.71175022502601
Maschio_777,125.93143879507033,Femmina_777,105.48387539105312
Maschio_778,94.2786319434922,Femmina_778,96.33454430965257
Maschio_779,90.02562329432573,Femmina_779,88.37046249500632
Maschio_780,89.99401340275303,Femmina_780,89.21530793923131
Maschio_781,99.8747247445334,Femmina_781,74.670812947037
Maschio_782,82.66707983784897,Femmina_782,105.40016755800899
Maschio_783,104.8058979087446,Femmina_783,121.60707429559677
Maschio_784,88.07895935718162,Femmina_784,141.36198640284977
Maschio_785,103.4108169991034,Femmina_785,107.76256551859765
Maschio_786,105.6391542581413,Femmina_786,117.17526649149694
Maschio_787,108.296884608338,Femmina_787,97.54051580355271
Maschio_788,100.14519873891882,Femmina_788,87.699132685055
Maschio_789,96.58645015612876,Femmina_789,105.20291991270034
Maschio_790,97.69487404136915,Femmina_790,111.10340035265172
Maschio_791,76.34510512862686,Femmina_791,103.1261803922506
Maschio_792,87.13505646321221,Femmina_792,96.25249533931819
Maschio_793,118.07602979227684,Femmina_793,107.14748357547609
Maschio_794,92.93599678231668,Femmina_794,88.62511192485992
Maschio_795,117.63117563775195,Femmina_795,103.29123721180741
Maschio_796,112.85476117107801,Femmina_796,102.85072164323772
Maschio_797,93.1319620979959,Femmina_797,116.75584229210796
Maschio_798,118.51338331232245,Femmina_798,97.4155753178671
Maschio_799,99.99408174866069,Femmina_799,102.499348424162
Maschio_800,85.95011759248749,Femmina_800,99.90466106596867
Maschio_801,71.78574711693315,Femmina_801,120.3001361468899
Maschio_802,105.46773037175974,Femmina_802,106.9372734713033
Maschio_803,110.67633985358913,Femmina_803,85.75851926668032
Maschio_804,90.44870318482624,Femmina_804,110.09331840432716
Maschio_805,88.18626963195798,Femmina_805,68.3944113527165
Maschio_806,100.08418880360868,Femmina_806,90.90101812859834
Maschio_807,96.82821390360012,Femmina_807,94.66329630809486
Maschio_808,89.07303830597762,Femmina_808,114.05117507009041
Maschio_809,138.43206395799882,Femmina_809,80.05792715486216
Maschio_810,91.88778761415061,Femmina_810,98.1443240480325
Maschio_811,104.18891268814927,Femmina_811,90.1092956208052
Maschio_812,113.23963294227899,Femmina_812,107.49669234363479
Maschio_813,100.51862981821212,Femmina_813,110.06677467421748
Maschio_814,94.43461038242516,Femmina_814,98.34842346991255
Maschio_815,105.39207888534948,Femmina_815,92.91962031270695
Maschio_816,124.98457161469248,Femmina_816,88.2913738255842
Maschio_817,112.54675871071196,Femmina_817,82.9852407868461
Maschio_818,103.20864120058887,Femmina_818,97.78538962224233
Maschio_819,124.77276812964263,Femmina_819,99.6816912741149
Maschio_820,106.41506970781313,Femmina_820,77.10364715320043
Maschio_821,107.07820778446802,Femmina_821,117.55756547535651
Maschio_822,102.09262096670786,Femmina_822,91.75849583669584
Maschio_823,108.55872103027193,Femmina_823,125.00540556106066
Maschio_824,88.42825566144437,Femmina_824,103.10376003424834
Maschio_825,105.72357953755738,Femmina_825,107.8218338636309
Maschio_826,132.86535126682935,Femmina_826,114.37084887800617
Maschio_827,108.43211773316538,Femmina_827,130.07133229877743
Maschio_828,101.42288430157669,Femmina_828,102.42402647377621
Maschio_829,110.76107249578816,Femmina_829,112.2008394239363
Maschio_830,93.34843424953156,Femmina_830,113.93891477591613
Maschio_831,75.74324566071164,Femmina_831,117.0090845544192
Maschio_832,108.6262818076339,Femmina_832,104.01720204007803
Maschio_833,125.34788596100057,Femmina_833,106.3228698267828
Maschio_834,98.48584131879132,Femmina_834,108.84718542271177
Maschio_835,102.9084735641645,Femmina_835,102.50307383315021
Maschio_836,102.01634820120097,Femmina_836,75.57017182630679
Maschio_837,97.28509215025294,Femmina_837,105.96130518072513
Maschio_838,119.23187412206906,Femmina_838,119.57028446024405
Maschio_839,104.29312698847102,Femmina_839,97.8563881717771
Maschio_840,111.18815547350789,Femmina_840,80.99017546301629
Maschio_841,88.91968097615474,Femmina_841,107.88331531121302
Maschio_842,121.58543673530541,Femmina_842,121.08008296120074
Maschio_843,114.24140761848031,Femmina_843,86.6101414632892
Maschio_844,91.65828244150634,Femmina_844,86.80644054650145
Maschio_845,111.32697999682306,Femmina_845,83.03280776786441
Maschio_846,79.06627272840932,Femmina_846,80.05298437439018
Maschio_847,100.13885210242093,Femmina_847,110.08577342580253
Maschio_848,86.30162689222732,Femmina_848,88.85725368970631
Maschio_849,123.47082937795918,Femmina_849,138.38706651245195
Maschio_850,107.92384171007268,Femmina_850,97.0635159622985
Maschio_851,118.52540488215996,Femmina_851,122.80077674834297
Maschio_852,89.86253377212006,Femmina_852,109.0686338934738
Maschio_853,129.83364914128018,Femmina_853,100.46903737508065
Maschio_854,109.45564443947293,Femmina_854,79.1024946294866
Maschio_855,107.91636966928783,Femmina_855,130.07467747293552
Maschio_856,105.4145820001294,Femmina_856,119.12842660004694
Maschio_857,116.26103654755914,Femmina_857,129.67932354501818
Maschio_858,106.72908380563577,Femmina_858,75.56582399686397
Maschio_859,101.74178623446252,Femmina_859,94.84040944089696
Maschio_860,85.54905819602197,Femmina_860,101.85444193825587
Maschio_861,98.81473666492302,Femmina_861,106.45642710960311
Maschio_862,103.9340415171839,Femmina_862,83.02559166291252
Maschio_863,91.51486395627143,Femmina_863,103.02150011640369
Maschio_864,81.06681324918547,Femmina_864,123.15865583177967
Maschio_865,110.11909327132396,Femmina_865,135.72584393690042
Maschio_866,98.07032230514227,Femmina_866,128.33374643209822
Maschio_867,97.02438140484607,Femmina_867,108.46454789270837
Maschio_868,94.37636027407945,Femmina_868,91.72176437436114
Maschio_869,87.84296477837282,Femmina_869,103.30565586463052
Maschio_870,103.66555163032545,Femmina_870,79.29439789243513
Maschio_871,105.69130340655784,Femmina_871,109.83463007223033
Maschio_872,118.89347746529032,Femmina_872,91.66160307686212
Maschio_873,82.2190441134793,Femmina_873,99.44455612633442
Maschio_874,85.58328686170344,Femmina_874,98.50073656821806
Maschio_875,117.60543738278102,Femmina_875,86.12523631873823
Maschio_876,92.59394030147007,Femmina_876,100.39688808596233
Maschio_877,108.3969184703658,Femmina_877,84.20622226418058
Maschio_878,90.77631182492104,Femmina_878,81.50056302992924
Maschio_879,134.38832674050323,Femmina_879,113.60106997665922
Maschio_880,100.06343365051508,Femmina_880,106.6710270195243
Maschio_881,89.05486833238302,Femmina_881,127.63596521400461
Maschio_882,121.96188701318066,Femmina_882,95.930914574741
Maschio_883,127.33940238145722,Femmina_883,102.455970780394
Maschio_884,107.51784144517865,Femmina_884,129.52922110254096
Maschio_885,91.91437278147798,Femmina_885,97.50980570231661
Maschio_886,83.3867852843525,Femmina_886,102.65392012192608
Maschio_887,121.81485549249017,Femmina_887,96.50663513102633
Maschio_888,90.39422439996022,Femmina_888,104.66678304296936
Maschio_889,101.8970309759859,Femmina_889,80.95760962705964
Maschio_890,75.98853422978304,Femmina_890,113.13509723582172
Maschio_891,101.21792849391286,Femmina_891,116.6280118640415
Maschio_892,77.50279714809761,Femmina_892,114.10568007962561
Maschio_893,94.54645859051008,Femmina_893,131.7713912253767
Maschio_894,112.29300358704457,Femmina_894,110.26598920201525
Maschio_895,103.34762418410693,Femmina_895,96.54093066373537
Maschio_896,122.30684815980734,Femmina_896,81.17144756225125
Maschio_897,106.10637424089248,Femmina_897,118.842639748832
Maschio_898,97.413693171704,Femmina_898,84.44187359096729
Maschio_899,96.84334820786589,Femmina_899,89.24940829035225
Maschio_900,108.11164436105231,Femmina_900,103.50562163410791
Maschio_901,92.46122409397842,Femmina_901,100.99366891691209
Maschio_902,117.45941332278176,Femmina_902,100.24060373173975
Maschio_903,94.73546090368717,Femmina_903,104.0067800947139
Maschio_904,106.3185728056309,Femmina_904,97.26876732554388
Maschio_905,91.73572832300398,Femmina_905,114.88085078491316
Maschio_906,127.20090620032258,Femmina_906,101.36130967394344
Maschio_907,88.09309793739519,Femmina_907,75.08192389468729
Maschio_908,81.11631569066101,Femmina_908,89.80252378304382
Maschio_909,98.35459193372641,Femmina_909,89.16738237194362
Maschio_910,90.16700296235696,Femmina_910,109.40094940693051
Maschio_911,113.52826201343605,Femmina_911,96.08019405301931
Maschio_912,86.60624681760622,Femmina_912,125.33036940955543
Maschio_913,116.66986636011293,Femmina_913,86.09807523518454
Maschio_914,93.62661023206886,Femmina_914,121.09397478496929
Maschio_915,90.84168958871294,Femmina_915,110.59348921124104
Maschio_916,90.19356135384501,Femmina_916,123.4902855528132
Maschio_917,93.13512593297027,Femmina_917,76.05319090234887
Maschio_918,92.64232029738363,Femmina_918,103.90180577324666
Maschio_919,80.66587985530455,Femmina_919,100.75597490404188
Maschio_920,104.82038445782199,Femmina_920,92.31178155642253
Maschio_921,99.06706260490392,Femmina_921,126.69124496657756
Maschio_922,93.06328572432258,Femmina_922,94.42209240598581
Maschio_923,112.57301225753235,Femmina_923,110.23696620410125
Maschio_924,101.03462485125041,Femmina_924,85.04745847400432
Maschio_925,119.3887487642488,Femmina_925,88.66270394273323
Maschio_926,98.04760817057486,Femmina_926,129.0159283530565
Maschio_927,112.83857518675975,Femmina_927,113.41375311454655
Maschio_928,102.59327875324614,Femmina_928,102.52294467974464
Maschio_929,83.92393468309211,Femmina_929,128.6466589967385
Maschio_930,113.6867078853929,Femmina_930,79.94087565923736
Maschio_931,108.72397587193117,Femmina_931,104.20768132556017
Maschio_932,90.34836323193683,Femmina_932,115.63503116016481
Maschio_933,104.01953970784177,Femmina_933,92.96423665425493
Maschio_934,77.86141827317343,Femmina_934,104.11936918000538
Maschio_935,114.74539345608976,Femmina_935,80.22296545333965
Maschio_936,117.71841999326642,Femmina_936,87.85600902316567
Maschio_937,106.68284816809978,Femmina_937,114.70364590455745
Maschio_938,130.5846188015389,Femmina_938,113.84035094186535
Maschio_939,86.98482953890277,Femmina_939,107.98099995619665
Maschio_940,137.22518155865814,Femmina_940,108.25302705918897
Maschio_941,125.75423285458999,Femmina_941,93.10007276113932
Maschio_942,108.47001589262622,Femmina_942,110.02575058230865
Maschio_943,89.20903049031067,Femmina_943,115.6742280317309
Maschio_944,97.96354550755609,Femmina_944,109.18717981710773
Maschio_945,110.55299186167832,Femmina_945,99.58121959565233
Maschio_946,113.01548306954167,Femmina_946,103.80030033115077
Maschio_947,123.38735058163171,Femmina_947,99.22280199264388
Maschio_948,94.03452732706499,Femmina_948,78.85269001486992
Maschio_949,109.17039540261949,Femmina_949,94.64924210453734
Maschio_950,102.83750583939147,Femmina_950,97.15163066234551
Maschio_951,94.34611180177986,Femmina_951,93.599501631724
Maschio_952,103.251131027322,Femmina_952,123.64827222308634
Maschio_953,96.1686917492369,Femmina_953,82.40499569033867
Maschio_954,90.2966800886579,Femmina_954,84.2814527805148
Maschio_955,87.27309288082103,Femmina_955,111.0229048401072
Maschio_956,114.2787968174918,Femmina_956,77.61384933500372
Maschio_957,95.08993453879918,Femmina_957,100.18498820879195
Maschio_958,103.91023041613914,Femmina_958,82.36539314721837
Maschio_959,105.68945640928338,Femmina_959,99.59408623474896
Maschio_960,96.37475160296962,Femmina_960,97.14280006116068
Maschio_961,121.90566917707902,Femmina_961,102.80230495272079
Maschio_962,123.85563010521327,Femmina_962,95.10215289569298
Maschio_963,111.27873426613641,Femmina_963,96.7029841099301
Maschio_964,76.17359267555949,Femmina_964,118.5389496506429
Maschio_965,82.09746750560268,Femmina_965,85.21606478510408
Maschio_966,107.99894727091247,Femmina_966,97.13529132860299
Maschio_967,108.44456715554728,Femmina_967,102.86348576141123
Maschio_968,89.4836145795998,Femmina_968,110.93199978361105
Maschio_969,105.31498034771231,Femmina_969,95.21576092564895
Maschio_970,95.95940831113572,Femmina_970,77.86308594654894
Maschio_971,97.10661006654709,Femmina_971,89.8542033267708
Maschio_972,123.81531668615935,Femmina_972,89.011307412042
Maschio_973,89.8549020074433,Femmina_973,76.84239565241883
Maschio_974,93.73995286100215,Femmina_974,103.8859358068825
Maschio_975,98.46461332329088,Femmina_975,91.92917553888606
Maschio_976,115.23575430713011,Femmina_976,93.89427696884412
Maschio_977,95.7978876911554,Femmina_977,78.54687459069831
Maschio_978,87.18982530033182,Femmina_978,84.30205167222715
Maschio_979,128.7824500845777,Femmina_979,110.02063808400555
Maschio_980,75.88131059776067,Femmina_980,119.10002613997119
Maschio_981,125.07390498429855,Femmina_981,92.17010814542039
Maschio_982,89.15196488168466,Femmina_982,83.31116947081875
Maschio_983,132.50224023717695,Femmina_983,115.27657436664282
Maschio_984,106.2920402321851,Femmina_984,108.44618780033834
Maschio_985,94.1487337315238,Femmina_985,122.9668659187262
Maschio_986,97.776563132,Femmina_986,112.39248324517483
Maschio_987,106.52574826558656,Femmina_987,107.64626138123813
Maschio_988,94.61942533065209,Femmina_988,115.99793618631193
Maschio_989,112.04375435019547,Femmina_989,103.7810283874742
Maschio_990,100.41315922218577,Femmina_990,134.06709632842828
Maschio_991,93.09825273360158,Femmina_991,107.23164756911683
Maschio_992,83.32492977567227,Femmina_992,88.04701767090035
Maschio_993,112.7989463297423,Femmina_993,116.92905388787875
Maschio_994,114.58230363627946,Femmina_994,129.09415826653535
Maschio_995,116.09075884248219,Femmina_995,69.88760133469107
Maschio_996,108.41097921072299,Femmina_996,83.66490771861679
Maschio_997,96.11357957787293,Femmina_997,109.21189681820276
Maschio_998,109.62852350374469,Femmina_998,110.84261519257825
Maschio_999,115.38952634693119,Femmina_999,87.84162762549732
Maschio_1000,124.87722109700502,Femmina_1000,81.6161663456179
